,MouseID,MouseAge,MouseDevelopment,BrainArea,CellID,CellTarget,CellType,CellLayer,Rin,RMP,Tau,Rheobase,MaxFiringFrequency,AdaptationIndex,VoltageSag,AP_Threshold,AP_Height,AP_HalfWidth,AP_AHP
0,MJ0,12,P9-P13,V1,MJ0.1,Pyramidal,Pyr,4.0,654.7407670454544,-61.81640625000001,0.07852569481662094,7.5000000000000036,22.0,1.3087981598619896,2.13623046875,-37.2314453125,70.98388671875,0.002950000000000008,19.134521484375
1,MJ1,12,P9-P13,S1BF,MJ1.1,Pyramidal,Pyr,4.0,724.0249171401512,-68.36751302083334,0.09894340010207256,10.0,20.0,2.223145400593472,5.218505859375,-38.51318359375,51.513671875,0.0031000000000001027,15.44189453125
2,MJ11,7,P5-P8,V1,MJ11.2,Pyramidal,Pyr,4.0,1161.1106178977266,-64.501953125,0.11815392298866179,7.9999999999999885,20.0,1.583815028901734,0.1220703125,-30.487060546875,48.675537109375,0.004850000000000021,21.17919921875
3,MJ15,6,P5-P8,V1,MJ15.1,Pyramidal,Pyr,23.0,1487.8057524366823,-60.95377314681006,0.12623350958569302,10.0,18.0,1.962526766595289,0.54931640625,-31.768798828125,33.355712890625,0.0050000000000001155,14.923095703125
4,MJ17,8,P5-P8,V1,MJ17.1,Pyramidal,Pyr,23.0,1079.7988400890117,-60.55776412052549,0.14351852489652248,7.857142857142862,12.0,1.4355909694555113,0.30517578125,-29.35791015625,66.741943359375,0.002950000000000008,18.1884765625
5,MJ17,8,P5-P8,V1,MJ17.2,Pyramidal,FS,4.0,1165.7344933712118,-63.18155924479168,0.10756931020243508,19.33333333333332,30.0,1.200261780104712,0.54931640625,-34.24072265625,56.21337890625,0.0021999999999999797,23.98681640625
6,MJ17,8,P5-P8,V1,MJ17.3,Pyramidal,Pyr,4.0,942.9931640624993,-65.8660888671875,0.13526277371564213,26.009433962264165,16.0,1.1944971537001898,0.701904296875,-32.440185546875,59.75341796875,0.003249999999999975,17.51708984375
7,MJ19,9,P9-P13,V1,MJ19.1,Pyramidal,Pyr,4.0,1024.8139695681575,-56.541794596168856,0.11447830821939385,15.897435897435932,10.0,2.58765778401122,0.152587890625,-31.494140625,50.384521484375,0.003449999999999953,12.3291015625
8,MJ21,12,P9-P13,V1,MJ21.1,Pyramidal,IN,4.0,440.61834161931836,-69.4427490234375,0.05134325154209209,48.999999999999986,14.0,1.8129784907036093,3.60107421875,-27.7099609375,50.384521484375,0.0028999999999999027,24.169921875
9,MJ22,12,P9-P13,V1,MJ22.1,Pyramidal,SST,4.0,332.3240707281067,-65.9369549451918,0.09898260972646997,30.43669250646001,52.0,1.1029147175242893,0.152587890625,-44.49462890625,78.0029296875,0.0013499999999999623,15.045166015625
10,MJ25,14,P14-P18,V1,MJ25.1,Pyramidal,Pyr,4.0,676.1967830650445,-54.89630396791498,0.0773948888011546,10.0,20.0,1.3579013116802,0.885009765625,-39.215087890625,75.3173828125,0.0035000000000000586,18.61572265625
11,MJ26,15,P14-P18,V1,MJ26.1,Pyramidal,Pyr,4.0,566.8790844492588,-76.50128936618364,0.12495934216369102,20.0,20.0,1.3464180569185475,0.3662109375,-37.9638671875,77.178955078125,0.0020000000000000018,14.923095703125
12,MJ30,11,P9-P13,V1,MJ30.1,Pyramidal,Pyr,4.0,1244.1366946147896,-63.056694893162785,0.14479857792496625,13.036363636363621,16.0,1.418560606060606,0.1220703125,-33.935546875,77.178955078125,0.002449999999999841,18.6767578125
13,MJ30,11,P9-P13,V1,MJ30.2,Pyramidal,Pyr,4.0,899.9633789062494,-67.7276611328125,0.14570985568119707,7.834697217675937,14.0,1.4068441064638784,0.335693359375,-24.444580078125,67.3828125,0.0026999999999999247,21.05712890625
14,MJ30,11,P9-P13,V1,MJ30.3,Pyramidal,Pyr,4.0,787.3104657499018,-61.33064580935298,0.10489918855254436,20.0,16.0,1.3235785953177257,0.8544921875,-33.69140625,64.02587890625,0.0029000000000001247,15.228271484375
15,MJ31,10,P9-P13,V1,MJ31.1,Pyramidal,Pyr,4.0,599.0600585937495,-63.59558105468751,0.08006357579005627,24.333333333333357,6.0,1.5743356456227744,0.091552734375,-35.64453125,66.009521484375,0.002749999999999808,10.498046875
16,MJ31,10,P9-P13,V1,MJ31.2,Pyramidal,Pyr,4.0,683.5937499999987,-57.33642578125002,0.08226361804306259,30.0,6.0,1.1572212065813527,4.08935546875,-35.369873046875,77.94189453125,0.0020000000000000018,10.009765625
17,MJ31,10,P9-P13,V1,MJ31.3,Pyramidal,Pyr,4.0,956.1157226562492,-62.0635986328125,0.08743988566696384,20.0,12.0,1.5475177304964538,1.40380859375,-35.858154296875,71.502685546875,0.0025000000000001688,15.594482421875
18,MJ32,11,P9-P13,V1,MJ32.1,Pyramidal,Pyr,4.0,1015.0889999204367,-56.76336471491872,0.10014804151782684,20.0,14.0,1.382034632034632,2.777099609375,-33.5693359375,75.01220703125,0.0036999999999998145,14.678955078125
19,MJ32,11,P9-P13,V1,MJ32.2,Pyramidal,Pyr,4.0,943.1241074325891,-74.57246152584833,0.139646642685584,10.0,20.0,1.1755511022044087,0.1983642578125,-28.656005859375,68.42041015625,0.003249999999999975,23.406982421875
20,MJ32,11,P9-P13,V1,MJ32.3,SSTCre,SST,4.0,252.0895660799381,-58.41525853624998,0.1544268348901457,21.48169014084503,28.0,1.1031446540880503,1.708984375,-46.112060546875,68.66455078125,0.0025999999999999357,12.420654296875
21,MJ33,6,P5-P8,V1,MJ33.1,Pyramidal,Pyr,4.0,695.9659674868445,-68.15696929250936,0.10450150047984273,15.815126050420119,8.0,2.5650454503558553,0.701904296875,-30.853271484375,49.62158203125,0.0041999999999999815,13.671875
22,MJ33,6,P5-P8,V1,MJ33.3,Pyramidal,Pyr,23.0,1232.812809632614,-62.04273478972002,0.0834010602680522,20.0,6.0,0.016506189821182942,0.30517578125,-28.9306640625,45.562744140625,0.006050000000000111,14.617919921875
23,MJ33,6,P5-P8,V1,MJ33.4,Pyramidal,Pyr,5.0,382.06788047655664,-63.24792696273297,0.10004960446004299,21.0,14.0,1.4498869630746043,7.232666015625,-34.942626953125,70.86181640625,0.005850000000000133,23.773193359375
24,MJ37,7,P5-P8,V1,MJ37.1,Pyramidal,Pyr,4.0,1142.8844736320616,-57.525904521311716,0.10768604509185875,10.0,10.0,1.4315992292870905,1.373291015625,-22.796630859375,51.605224609375,0.0046999999999999265,19.95849609375
25,MJ37,7,P5-P8,V1,MJ37.2,Pyramidal,Pyr,4.0,1105.6581888631333,-50.00145668070832,0.060215158307347985,31.0,4.0,,1.373291015625,-37.200927734375,41.8701171875,0.005199999999999871,6.77490234375
26,MJ38,7,P5-P8,V1,MJ37.3,Pyramidal,Pyr,4.0,278.8218235071575,-54.83641686758382,0.04788514825102317,91.0,2.0,,0.640869140625,-27.069091796875,61.431884765625,0.003349999999999964,12.3291015625
27,MJ39,8,P5-P8,V1,MJ39.1,Pyramidal,Pyr,4.0,1106.2622070312489,-56.28967285156251,0.10861578372679963,20.0,10.0,1.3605728727885424,2.166748046875,-27.64892578125,44.342041015625,0.00495000000000001,14.7705078125
28,MJ39,8,P5-P8,V1,MJ39.2,Pyramidal,FS,4.0,2005.950200566871,-55.362686755380444,0.15279740119408058,20.0,40.0,1.0506993006993006,0.396728515625,-29.96826171875,55.389404296875,0.0020500000000001073,28.350830078125
29,MJ39,8,P5-P8,V1,MJ39.3,Pyramidal,Pyr,6.0,1536.0102130474347,-63.171622531170456,0.14188262499413354,20.0,24.0,1.1337837837837839,4.33349609375,-31.55517578125,66.741943359375,0.002649999999999819,21.026611328125
30,MJ41,13,P9-P13,V1,MJ41.1,Pyramidal,Pyr,4.0,311.778202298037,-61.63612910839644,0.10092037820687359,30.0,8.0,1.6886993603411513,1.15966796875,-39.36767578125,63.4765625,0.00275000000000003,14.007568359375
31,MJ41,13,P9-P13,V1,MJ41.2,Pyramidal,Pyr,4.0,422.8368492067172,-64.59146747316905,0.1180641178045197,7.6216216216216415,12.0,2.0514285714285716,0.48828125,-38.726806640625,75.74462890625,0.0023999999999999577,18.646240234375
32,MJ41,13,P9-P13,V1,MJ41.3,Pyramidal,Pyr,4.0,493.7808747082654,-69.88672639509751,0.10837340451273261,20.0,14.0,2.1173076923076923,0.48828125,-39.031982421875,76.5380859375,0.0022500000000000853,15.5029296875
33,MJ41,13,P9-P13,V1,MJ41.4,Pyramidal,Pyr,4.0,276.5103014441591,-67.34392274751727,0.15217813294824298,14.627118644067815,12.0,1.4375667022411953,0.579833984375,-39.55078125,73.1201171875,0.0022999999999999687,16.143798828125
34,MJ44,15,P14-P18,V1,MJ44.1,Pyramidal,FS,4.0,210.56949443867546,-63.04331249224723,0.1804909745003344,98.84217335058216,48.0,1.0097008892481811,1.953125,-30.914306640625,55.96923828125,0.001100000000000101,25.299072265625
35,MJ44,15,P14-P18,V1,MJ44.2,Pyramidal,Pyr,4.0,476.0455047688175,-75.2030096415806,0.11873132893554232,14.88235294117646,8.0,1.4426100628930818,0.30517578125,-26.18408203125,59.173583984375,0.00275000000000003,22.27783203125
36,MJ44,15,P14-P18,V1,MJ44.3,Pyramidal,Pyr,4.0,495.45251011476097,-66.6692138587133,0.05473858190015557,31.0,36.0,1.2966915688367129,0.885009765625,-35.491943359375,78.399658203125,0.0018000000000000238,14.09912109375
37,MJ47 ,16,P14-P18,V1,MJ47.1,Pyramidal,Pyr,4.0,633.8708946636726,-57.96437570787503,0.06866556658064847,10.0,18.0,1.6037234042553192,2.349853515625,-34.576416015625,70.526123046875,0.0021999999999999797,18.524169921875
38,MJ47,16,P14-P18,V1,MJ47.2,Pyramidal,Pyr,4.0,290.76568805712833,-82.95224287420402,0.12586097461054926,43.8571428571428,18.0,1.3148734177215189,1.2664794921875,-40.130615234375,82.275390625,0.0025000000000001688,17.333984375
39,MJ47,16,P14-P18,V1,MJ47.3,Pyramidal,Pyr,5.0,291.18721521223927,-64.1305259481696,0.07542431354734201,20.0,24.0,1.3152251608291636,5.43212890625,-42.510986328125,91.705322265625,0.0021500000000000963,14.862060546875
40,MJ47,16,P14-P18,V1,MJ47.4,Pyramidal,Pyr,23.0,490.4827668299131,-78.88368824821202,0.1043694657082301,20.0,24.0,2.7852882703777335,0.762939453125,-37.261962890625,75.592041015625,0.0023500000000000743,3.5400390625
41,MJ48,10,P9-P13,V1,MJ48.2,Pyramidal,Pyr,6.0,318.19577709221494,-56.47038339481954,0.03949863431947237,20.0,12.0,1.6230492196878752,0.152587890625,-40.435791015625,76.35498046875,0.0027000000000001467,16.876220703125
42,MJ48,10,P9-P13,V1,MJ48.3,Pyramidal,Pyr,6.0,197.80676306346925,-56.46755706642475,,34.333333333333236,12.0,1.8361486486486487,3.2958984375,-39.36767578125,77.20947265625,0.0020500000000001073,14.16015625
43,MJ48,10,P9-P13,V1,MJ48.4,Pyramidal,Pyr,23.0,583.3799434921673,-64.25496662218156,0.12480838128733328,12.132637853949303,18.0,1.3996937212863707,1.220703125,-37.2314453125,77.45361328125,0.0021499999999998742,12.847900390625
44,MJ48,10,P9-P13,V1,MJ48.5,Pyramidal,Pyr,4.0,531.5223010781599,-78.5388598747855,0.11079884411645921,31.0,8.0,1.6652267818574513,0.18310546875,-39.093017578125,71.380615234375,0.0019000000000000128,14.129638671875
45,MJ48,10,P9-P13,V1,MJ48.6,Pyramidal,Pyr,5.0,323.787160897909,-58.29327208265085,0.16420515763696508,20.0,18.0,1.680597014925373,4.08935546875,-38.330078125,68.05419921875,0.0032000000000000917,23.040771484375
46,MJ49,13,P9-P13,V1,MJ49.1,Pyramidal,Pyr,4.0,583.1847817624188,-66.180658671213,0.1843961184633358,10.999999999999956,20.0,1.297557364914878,1.4801025390625,-40.4052734375,81.268310546875,0.003149999999999986,18.524169921875
47,MJ49,13,P9-P13,V1,MJ49.2,Pyramidal,Pyr,4.0,518.3433018908046,-71.5766469299118,0.13975984950460896,10.188235294117618,18.0,1.3929765886287626,0.152587890625,-44.586181640625,74.89013671875,0.002950000000000008,19.04296875
48,MJ49,13,P9-P13,V1,MJ49.4,Pyramidal,Pyr,4.0,498.8262861067121,-77.00315327828064,0.11576272961604858,20.0,18.0,1.312994350282486,0.335693359375,-45.745849609375,71.746826171875,0.0020000000000000018,16.845703125
49,MJ5,14,P14-P18,S1BF,MJ5.1,Pyramidal,Pyr,4.0,473.9519452059105,-60.42114832509395,0.1517873385510445,10.0,22.0,1.5371360665478313,0.701904296875,-40.924072265625,65.643310546875,0.003450000000000175,19.195556640625
50,MJ7,5,P5-P8,V1,MJ7.1,Pyramidal,Pyr,4.0,998.8495797821965,-51.054890950520836,0.08200426232360798,40.0,2.0,,0.579833984375,-31.524658203125,50.84228515625,0.004899999999999904,12.6953125
51,MJ7,5,P5-P8,V1,MJ7.2,Pyramidal,Pyr,4.0,1651.9812381628772,-49.58089192708336,0.09326391069643283,40.0,4.0,,0.152587890625,-23.25439453125,43.548583984375,0.004249999999999865,17.15087890625
52,MJ9,6,P5-P8,V1,MJ9.1,Pyramidal,Pyr,4.0,1388.9012192234848,-53.77604166666667,0.10234687771011512,21.0,6.0,1.5850673194614444,0.1220703125,-23.92578125,50.10986328125,0.0045999999999999375,15.350341796875
53,OLL1 ,12,P9-P13,V1,OLL1.2,Pyramidal,Pyr,4.0,942.9931640624993,-65.8660888671875,0.13526277371564213,26.009433962264165,16.0,1.1944971537001898,0.701904296875,-32.440185546875,59.75341796875,0.003249999999999975,17.51708984375
54,OLL12,17,P14-P18,V1,OLL12.1,Pyramidal,Pyr,4.0,517.6216204585941,-64.28371011545629,0.11738162279409119,21.0,30.0,1.3622240392477514,3.692626953125,-37.689208984375,45.59326171875,0.003449999999999953,18.707275390625
55,OLL12,17,P14-P18,V1,OLL12.3,LHX6,PV,4.0,133.4156358771982,-63.88708132327795,0.026360450195271324,181.75182946229717,114.0,1.1314553990610328,2.899169921875,-40.8935546875,70.37353515625,0.0007500000000000284,17.791748046875
56,OLL12,17,P14-P18,V1,OLL12.4,LHX6,SST,4.0,254.3002143828601,-65.26967827943953,0.1953192889680968,26.000000000000007,40.0,1.4089912280701755,8.23974609375,-40.6494140625,71.2890625,0.0010499999999999954,11.77978515625
57,OLL12,17,P14-P18,V1,OLL12.5,LHX6,PV,4.0,187.166776472302,-71.81982907890165,0.040993097236356274,78.10439921208145,66.0,1.0961923847695392,3.875732421875,-40.252685546875,63.17138671875,0.0009999999999998899,15.2587890625
58,OLL13,9,P9-P13,S1BF,OLL13.1,Pyramidal,Pyr,4.0,1089.828953598484,-60.77067057291667,0.08936137484625814,10.0,10.0,1.8798856053384176,2.349853515625,-36.163330078125,67.352294921875,0.002950000000000008,17.02880859375
59,OLL13,9,P9-P13,S1BF,OLL13.2,LHX6,PV,5.0,238.23241341635682,-60.774868678348014,,15.28571428571428,28.0,1.1673052362707534,2.105712890625,-41.839599609375,63.232421875,0.0020499999999998852,17.76123046875
60,OLL13,9,P9-P13,V1,OLL13.3,LHX6,PV,4.0,258.4240273711141,-57.24716854596514,,70.21197759586387,22.0,1.1886792452830188,1.617431640625,-39.794921875,55.633544921875,0.0021499999999998742,19.866943359375
61,OLL13,9,P9-P13,V1,OLL13.4,LHX6,PV,4.0,1993.6292274449738,-62.11016582096137,0.12667112639478403,24.16666666666665,46.0,1.041018387553041,0.244140625,-38.482666015625,63.568115234375,0.0018000000000000238,27.9541015625
62,OLL13,9,P9-P13,V1,OLL13.5,LHX6,PV,4.0,977.1728515624995,-57.24487304687499,0.11777882978851906,24.88796680497921,42.0,1.2005649717514124,4.974365234375,-35.15625,56.121826171875,0.0022500000000000853,20.660400390625
63,OLL13,9,P9-P13,V1,OLL13.6,LHX6,PV,4.0,761.7431452968867,-72.26513240265899,0.16020242153858277,32.172888015717064,42.0,1.2025089605734767,0.885009765625,-36.529541015625,54.50439453125,0.0019000000000000128,24.993896484375
64,OLL14,17,P14-P18,V1,OLL14.1,Pyramidal,Pyr,5.0,352.4107567179554,-53.97040159735651,0.18019040427776314,40.0,22.0,1.3704212454212454,5.523681640625,-35.125732421875,82.1533203125,0.0021999999999999797,16.021728515625
65,OLL14,17,P14-P18,V1,OLL14.2,Pyramidal,Pyr,4.0,246.3670587507478,-70.50281869477088,0.15241730689328178,19.984313725490168,20.0,1.174645390070922,0.67138671875,-32.135009765625,77.239990234375,0.0019499999999998963,13.397216796875
66,OLL14,17,P14-P18,V1,OLL14.3,LHX6,PV,4.0,196.38421000751194,-61.41911309196034,,58.77777777777769,80.0,0.7694323144104803,2.532958984375,-43.304443359375,60.546875,0.0010499999999999954,23.284912109375
67,OLL14,17,P14-P18,V1,OLL14.4,Pyramidal,Pyr,4.0,688.0538555413782,-71.20288985658924,0.14215974110163246,5.0,32.0,1.2606149341142021,2.74658203125,-52.06298828125,88.07373046875,0.0019000000000000128,17.76123046875
68,OLL15,13,P9-P13,V1,OLL15.1,Pyramidal,Pyr,23.0,706.7705507953322,-65.62496873554885,0.13902284077199575,15.0,12.0,1.1362623368354028,1.220703125,-40.863037109375,79.1015625,0.0022999999999999687,17.333984375
69,OLL15,13,P9-P13,V1,OLL15.2,Pyramidal,Pyr,4.0,686.552644998113,-62.517831089021044,0.09801071828376322,13.593103448275873,26.0,1.3981514397440455,2.3193359375,-35.70556640625,48.88916015625,0.003850000000000131,15.7470703125
70,OLL15,13,P9-P13,V1,OLL15.3,Pyramidal,Pyr,5.0,130.5517046916342,-59.03856007711428,,71.0,18.0,2.6744186046511627,5.218505859375,-31.707763671875,84.075927734375,0.0022999999999999687,19.83642578125
71,OLL15,13,P9-P13,V1,OLL15.4,Pyramidal,Pyr,5.0,259.16439809417847,-63.26375230652,0.04853798031679584,21.0,20.0,1.4075608493008804,8.056640625,-43.64013671875,79.803466796875,0.0022999999999999687,14.09912109375
72,OLL15,13,P9-P13,V1,OLL15.5,Pyramidal,Pyr,6.0,378.39655139264215,-61.657070310660096,0.11868504316993303,71.0,10.0,1.572897761645493,3.23486328125,-42.96875,75.897216796875,0.0015000000000000568,10.528564453125
73,OLL15,13,P9-P13,V1,OLL15.6,Pyramidal,Pyr,6.0,409.6713426427888,-72.62762036613772,0.07469016917260424,10.999999999999927,22.0,1.2821869488536155,6.77490234375,-25.604248046875,52.8564453125,0.0019499999999998963,19.53125
74,OLL15,13,P9-P13,V1,OLL15.7,Pyramidal,Pyr,23.0,338.43016070640977,-68.77205772141923,0.131879817486296,16.870129870129855,12.0,1.4873170731707317,2.62451171875,-37.628173828125,74.03564453125,0.0020999999999999908,16.876220703125
75,OLL15,13,P9-P13,V1,OLL15.8,Pyramidal,Pyr,4.0,460.59464404386597,-69.1693801739736,0.13745663233399216,20.0,14.0,1.2981082844096543,0.42724609375,-35.70556640625,70.220947265625,0.0022500000000000853,20.599365234375
76,OLL16,18,P14-P18,V1,OLL16.1,LHX6,PV,4.0,165.41866363195118,-71.63696038392331,,213.6501457725948,98.0,0.2922975641869651,1.220703125,-42.05322265625,62.255859375,0.0006999999999999229,25.93994140625
77,OLL16,18,P14-P18,V2,OLL16.2,LHX6,PV,4.0,197.51858619492808,-74.79806574250306,0.1376040092557057,55.736842105263094,48.0,0.8778735632183908,2.655029296875,-37.109375,54.3212890625,0.0012500000000001954,19.95849609375
78,OLL16,18,P14-P18,V1,OLL16.3,Pyramidal,Pyr,4.0,282.27861386541264,-82.58869529955186,0.17106068237530617,11.238095238095207,38.0,1.172591743119266,0.18310546875,-38.177490234375,75.5615234375,0.0017000000000000348,22.216796875
79,OLL16,18,P14-P18,V1,OLL16.4,LHX6,PV,4.0,561.5604285037874,-62.33113606770834,0.17388932291413883,10.0,58.0,1.2823033707865168,3.0517578125,-48.187255859375,79.193115234375,0.0007500000000000284,23.3154296875
80,OLL18,7,P5-P8,V1,OLL18.1,Pyramidal,Pyr,4.0,1086.980646306817,-70.87402343750003,0.14050717917593036,15.0,6.0,1.0487648290469869,0.1220703125,-30.09033203125,36.31591796875,0.006199999999999983,20.81298828125
81,OLL18,7,P5-P8,V1,OLL18.2,Pyramidal,SST,4.0,1077.270507812497,-63.516235351562514,0.13148971362291428,5.0,28.0,1.0376141859215475,0.1220703125,-43.76220703125,65.36865234375,0.002850000000000019,19.805908203125
82,OLL18,7,P5-P8,V1,OLL18.3,Pyramidal,Pyr,4.0,1225.2807617187486,-56.48956298828126,0.1280739731678193,30.0,4.0,,0.1220703125,-30.975341796875,47.79052734375,0.0042999999999999705,19.500732421875
83,OLL18,7,P5-P8,V1,OLL18.4,Pyramidal,Pyr,4.0,924.682617187498,-72.06115722656251,0.1494814585660653,15.0,4.0,,0.518798828125,-33.50830078125,55.48095703125,0.0035000000000000586,21.331787109375
84,OLL18,7,P5-P8,V1,OLL18.5,Pyramidal,Pyr,23.0,1881.1035156249982,-65.66162109374999,0.0951547166743503,6.0,8.0,1.4674922600619196,0.42724609375,-38.39111328125,54.901123046875,0.0039000000000000146,11.5966796875
85,OLL19,6,P5-P8,V1,OLL19.1,Pyramidal,Pyr,4.0,1499.0234374999984,-59.948730468750014,0.09620671774072705,25.0,4.0,,0.213623046875,-29.205322265625,41.50390625,0.004450000000000065,15.228271484375
86,OLL19,6,P5-P8,V1,OLL19.10,Pyramidal,Pyr,5.0,1024.8819986979177,-63.209533691406236,0.1130985555730335,27.0,4.0,,0.396728515625,-28.167724609375,42.633056640625,0.005700000000000038,12.725830078125
87,OLL19,6,P5-P8,V1,OLL19.2,Pyramidal,SPN,6.0,1367.187499999999,-52.06298828125001,0.13203304548027586,10.0,16.0,0.6920029710324338,0.18310546875,-36.56005859375,59.783935546875,0.0044999999999999485,20.050048828125
88,OLL19,6,P5-P8,V1,OLL19.3,Pyramidal,Pyr,4.0,812.6429090053581,-55.91870180655603,0.14806013170220092,46.0,2.0,,0.67138671875,-32.8369140625,37.384033203125,0.004850000000000021,13.671875
89,OLL19,6,P5-P8,V1,OLL19.4,Pyramidal,SPN,6.0,1294.5556640624975,-53.906250000000014,0.05282872236768162,10.0,14.0,1.1020220588235294,0.91552734375,-32.89794921875,58.563232421875,0.003549999999999942,27.64892578125
90,OLL19,6,P5-P8,V1,OLL19.5,Pyramidal,Pyr,4.0,1727.3084451740203,-56.98465772710487,0.13848212503000154,10.0,2.0,,0.48828125,-36.7431640625,41.015625,0.006199999999999983,10.92529296875
91,OLL19,6,P5-P8,V1,OLL19.6,Pyramidal,Pyr,5.0,1054.6874999999975,-59.12475585937501,0.13588453200048947,15.0,14.0,1.3894389438943895,3.96728515625,-33.782958984375,66.314697265625,0.0041999999999999815,23.3154296875
92,OLL19,6,P5-P8,V1,OLL19.7,Pyramidal,Pyr,23.0,1944.1052563887847,-63.29378417220998,0.14297703186424232,5.0,10.0,1.5067650676506765,0.18310546875,-29.23583984375,44.25048828125,0.004449999999999843,17.15087890625
93,OLL19,6,P5-P8,V1,OLL19.8,Pyramidal,Pyr,23.0,2483.367919921876,-45.62868390764509,0.0972206061157304,3.0,8.0,1.4070186634899025,1.03759765625,-29.144287109375,42.083740234375,0.005449999999999955,13.824462890625
94,OLL19,6,P5-P8,V1,OLL19.9,Pyramidal,Pyr,5.0,1219.6132114955365,-62.89127894810268,0.11425332794097134,6.0,4.0,,1.739501953125,-30.82275390625,54.0771484375,0.006199999999999983,30.029296875
95,OLL20,9,P9-P13,V1,OLL20.1,LHX6,PV,4.0,945.3687404149891,-76.0196391707963,0.13369971135055694,7.367647058823532,28.0,1.153664302600473,3.387451171875,-36.68212890625,52.459716796875,0.0025999999999999357,25.787353515625
96,OLL20,9,P9-P13,V1,OLL20.2,Pyramidal,Pyr,4.0,1076.0683001893944,-58.738199869791664,0.1059236731746453,22.66666666666666,4.0,,0.213623046875,-34.66796875,51.8798828125,0.0032000000000000917,16.754150390625
97,OLL20,9,P9-P13,V1,OLL20.3,LHX6,PV,4.0,920.9650213068186,-60.60791015625,0.15683339107700922,13.655948553054639,32.0,1.207744874715262,7.9345703125,-35.888671875,55.084228515625,0.0022999999999999687,21.6064453125
98,OLL20,9,P9-P13,V1,OLL20.4,Pyramidal,Pyr,4.0,1031.882849415753,-56.2236688016524,0.12628408795018695,15.0,4.0,,4.69970703125,-34.942626953125,50.10986328125,0.003249999999999975,13.702392578125
99,OLL20,9,P9-P13,V1,OLL20.5,Pyramidal,Pyr,23.0,1020.9517045454542,-47.0123291015625,0.07229566177057697,10.0,4.0,,0.18310546875,-25.20751953125,41.07666015625,0.003750000000000142,21.209716796875
100,OLL21,11,P9-P13,V1,OLL21.1,Pyramidal,Pyr,23.0,903.9121685606059,-59.88972981770835,0.08728841855005201,15.0,20.0,1.2811944543192322,0.701904296875,-41.290283203125,62.92724609375,0.002349999999999852,16.754150390625
101,OLL21,11,P9-P13,V1,OLL21.2,Pyramidal,Pyr,4.0,991.1864164558389,-60.82258845540343,0.1414194084586005,10.0,16.0,1.1613272311212814,0.18310546875,-33.721923828125,56.640625,0.003049999999999997,24.017333984375
102,OLL21,11,P9-P13,V1,OLL21.3,Pyramidal,Pyr,5.0,351.42128876224933,-58.747428641880035,0.14154356493912323,10.0,18.0,1.3244729605866177,3.96728515625,-42.17529296875,70.892333984375,0.0034999999999998366,19.4091796875
103,OLL21,11,P9-P13,V1,OLL21.4,Pyramidal,Pyr,6.0,373.7289112041214,-67.1435626628855,0.049294058297947085,131.0,10.0,1.881500987491771,5.767822265625,-35.58349609375,61.248779296875,0.0015500000000001624,10.31494140625
104,OLL22,11,P9-P13,V1,OLL22.1,LHX6,PV,4.0,362.9738692592232,-63.89170477337143,0.10632190430652776,11.719827586206915,42.0,1.2009782125389061,0.91552734375,-37.628173828125,55.267333984375,0.0019000000000000128,23.895263671875
105,OLL22,11,P9-P13,V1,OLL22.2,Pyramidal,Pyr,4.0,931.8666152800076,-58.10175637948533,0.10065292465269732,13.999999999999979,14.0,1.2528047868362004,0.335693359375,-36.43798828125,60.97412109375,0.0022499999999998632,21.30126953125
106,OLL22,11,P9-P13,V1,OLL22.3,Pyramidal,Pyr,5.0,354.30908203124955,-61.273193359375,0.1395752545092643,10.0,26.0,1.3231766612641815,2.899169921875,-39.6728515625,82.45849609375,0.0022499999999998632,27.984619140625
107,OLL23,8,P5-P8,V1,OLL23.1,LHX6,PV,4.0,2382.202148437498,-58.57238769531251,0.12513304085292218,8.750000000000005,38.0,1.195729537366548,0.152587890625,-38.909912109375,51.727294921875,0.0023500000000000743,20.6298828125
108,OLL23,8,P5-P8,V1,OLL23.2,Pyramidal,Pyr,4.0,1974.4873046874984,-54.76074218750002,0.1381996909547759,15.0,8.0,1.3371024734982333,0.244140625,-37.7197265625,57.769775390625,0.003049999999999997,15.960693359375
109,OLL23,8,P5-P8,V1,OLL23.3,LHX6,PV,4.0,1889.0380859375002,-67.1844482421875,0.11765543624042454,5.0,30.0,1.2013311148086523,0.8544921875,-35.64453125,43.64013671875,0.0025500000000000522,20.477294921875
110,OLL23,8,P5-P8,V1,OLL23.4,Pyramidal,Pyr,4.0,1797.485351562498,-58.38928222656252,0.18760890858737173,15.0,10.0,1.8499660556687034,1.129150390625,-33.99658203125,43.609619140625,0.0035000000000000586,20.172119140625
111,OLL24,8,P5-P8,V1,OLL24.1,LHX6,PV,4.0,739.1357421874985,-64.11437988281251,0.15997901707089512,10.0,36.0,0.8807692307692307,0.91552734375,-45.34912109375,59.478759765625,0.0024999999999999467,18.280029296875
112,OLL24,8,P5-P8,V1,OLL24.2,Pyramidal,Pyr,4.0,509.6435546874987,-60.368855794270836,0.08066214661630743,36.0,4.0,,1.922607421875,-34.881591796875,51.7578125,0.0033999999999998476,17.303466796875
113,OLL24,8,P5-P8,V1,OLL24.3,Pyramidal,Pyr,4.0,2055.6640624999995,-54.174804687500014,0.13076760141816518,5.0,12.0,1.2769869513641756,0.335693359375,-34.698486328125,49.072265625,0.00374999999999992,16.41845703125
114,OLL24,8,P5-P8,V1,OLL24.4,LHX6,PV,4.0,1787.1093749999975,-69.43359375000001,0.15912716849392072,11.0,40.0,1.203883495145631,0.1220703125,-38.02490234375,47.515869140625,0.0024999999999999467,21.484375
115,OLL25,18,P14-P18,V1,OLL25.1,Pyramidal,Pyr,23.0,554.3101917613639,-68.82934570312499,0.06494017948750529,25.0,18.0,1.2308153477218224,0.54931640625,-42.236328125,71.990966796875,0.0024999999999999467,17.791748046875
116,OLL25,18,P14-P18,V1,OLL25.2,Pyramidal,Pyr,4.0,402.75486242557287,-80.98267642444318,0.14226633360873397,9.38834951456312,30.0,1.4399117971334068,2.716064453125,-34.637451171875,74.3408203125,0.0020000000000000018,17.608642578125
117,OLL25,18,P14-P18,V1,OLL25.3,Pyramidal,Pyr,5.0,145.53813027861685,-60.43999519975212,,20.0,26.0,1.6121024049650892,6.34765625,-45.5322265625,88.470458984375,0.0015499999999999403,12.542724609375
118,OLL26,18,P14-P18,V1,OLL26.1,Pyramidal,Pyr,6.0,159.68803551119024,-77.40110368246697,0.060076216034199985,187.9159802306426,14.0,1.8699719363891487,0.79345703125,-38.51318359375,52.3681640625,0.0018000000000000238,10.406494140625
119,OLL26,18,P14-P18,V1,OLL26.2,Pyramidal,Pyr,4.0,292.0982566029624,-77.92742775318783,0.1254513477977258,9.491262135922327,36.0,1.0483764082173626,1.28173828125,-38.421630859375,71.014404296875,0.0019000000000000128,26.336669921875
120,OLL26,18,P14-P18,V1,OLL26.3,Pyramidal,Pyr,23.0,212.59472742391918,-85.20416645609747,0.14635610222061368,36.00000000000002,16.0,1.7240232751454696,1.068115234375,-45.867919921875,82.70263671875,0.0020500000000001073,15.2587890625
121,OLL27,16,P14-P18,V1,OLL27.1,Pyramidal,Pyr,5.0,217.11666345607557,-58.5283774695334,,21.000000000000004,30.0,1.2511893434823977,9.735107421875,-32.5927734375,83.404541015625,0.0015999999999998238,19.317626953125
122,OLL27,16,P14-P18,V1,OLL27.5,Pyramidal,Pyr,23.0,276.22892911511315,-69.45917642401224,0.05226148974672491,15.000000000000014,18.0,1.6499595796281326,1.52587890625,-31.92138671875,77.20947265625,0.0016500000000001513,20.44677734375
123,OLL27,16,P14-P18,V1,OLL27.6,Pyramidal,Pyr,4.0,404.32988072883586,-75.45779622913301,0.06530135116845429,6.381981981981972,14.0,1.5526866713189114,0.42724609375,-40.557861328125,61.187744140625,0.0019000000000000128,19.95849609375
124,OLL28,7,P5-P8,V1,OLL28.1,Pyramidal,Pyr,6.0,1552.1240234374977,-57.98645019531253,0.12195882993187673,10.0,18.0,1.3291966035271066,0.18310546875,-31.43310546875,56.2744140625,0.003949999999999898,19.805908203125
125,OLL28,7,P5-P8,V1,OLL28.2,Pyramidal,Pyr,6.0,1577.1484375000034,-59.558105468749964,0.10116615067815093,32.999999999999986,24.0,0.4053305642090689,3.814697265625,-35.614013671875,57.2509765625,0.0018500000000001293,9.1552734375
126,OLL28,7,P5-P8,V1,OLL28.3,Pyramidal,Pyr,5.0,388.04355536306156,-64.6604791592855,0.08620319615346597,6.167741935483886,20.0,1.311631061376738,5.279541015625,-35.247802734375,71.59423828125,0.004899999999999904,22.88818359375
127,OLL28,7,P5-P8,V1,OLL28.4,Pyramidal,Pyr,4.0,939.6362304687501,-61.81742350260415,0.10236279829296231,9.487012987012974,22.0,1.2034428794992176,0.9765625,-33.63037109375,55.72509765625,0.0025999999999999357,15.838623046875
128,OLL28,7,P5-P8,V1,OLL28.5,Pyramidal,Pyr,6.0,882.6053503787874,-55.836995442708336,0.07503155242920448,5.812121212121204,24.0,1.2750434279096698,8.392333984375,-29.35791015625,54.38232421875,0.002950000000000008,15.045166015625
129,OLL28,7,P5-P8,V1,OLL28.6,Pyramidal,Pyr,6.0,753.4697561553029,-59.03116861979168,0.044928329960076126,35.99999999999998,30.0,0.8791308284291535,4.364013671875,-33.416748046875,60.089111328125,0.0018000000000000238,14.312744140625
130,OLL28,7,P5-P8,V1,OLL28.7,Pyramidal,Pyr,4.0,843.2208408634098,-66.88636271452263,0.08203023362832233,10.0,28.0,1.197337509788567,1.556396484375,-35.7666015625,62.225341796875,0.0025500000000000522,18.6767578125
131,OLL28,7,P5-P8,V1,OLL28.8,Pyramidal,SPN,6.0,656.4331054687485,-60.98937988281253,0.08817226447239665,7.0,26.0,1.0203086921202276,2.471923828125,-36.163330078125,63.90380859375,0.0021999999999999797,14.5263671875
132,OLL29,11,P9-P13,V1,OLL29.1,Pyramidal,Pyr,5.0,311.46794681139374,-68.03381582318362,0.0682681574841939,10.0,32.0,1.272642390289449,7.080078125,-43.64013671875,76.11083984375,0.00275000000000003,14.984130859375
133,OLL29,11,P9-P13,V1,OLL29.2,Pyramidal,Pyr,4.0,688.7142934769299,-72.42592599324675,0.08783604486975798,10.0,32.0,1.5497737556561086,0.518798828125,-36.92626953125,66.71142578125,0.0026000000000001577,17.4560546875
134,OLL29,11,P9-P13,V1,OLL29.3,Pyramidal,FS,6.0,396.72851562499955,-62.15820312500001,0.06962385979959246,29.57142857142853,60.0,1.0804195804195804,2.655029296875,-37.17041015625,49.1943359375,0.0015000000000000568,21.05712890625
135,OLL29,11,P9-P13,V1,OLL29.4,Pyramidal,Pyr,6.0,718.3828507818502,-67.00723048451307,0.08382502374634752,9.491262135922327,38.0,1.3218181818181818,7.049560546875,-28.1982421875,65.3076171875,0.0018000000000000238,23.98681640625
136,OLL29,11,P9-P13,V1,OLL29.5,Pyramidal,Pyr,6.0,612.4369303385427,-64.65674506293401,0.07209593048832504,20.10460251046026,22.0,1.1174683544303798,0.213623046875,-27.83203125,57.525634765625,0.003949999999999898,18.73779296875
137,OLL29,11,P9-P13,V1,OLL29.6,Pyramidal,Pyr,6.0,522.5390717706765,-59.48023637905126,0.04598178960944774,15.428571428571427,30.0,1.1732283464566928,1.28173828125,-41.56494140625,64.910888671875,0.0015499999999999403,17.669677734375
138,OLL29,11,P9-P13,V1,OLL29.7,Pyramidal,Pyr,6.0,609.4928271495919,-65.37700877682369,0.08469040535668788,23.352941176470562,32.0,0.6664413653261236,5.645751953125,-31.402587890625,50.537109375,0.0015999999999998238,16.357421875
139,OLL29,11,P9-P13,V1,OLL29.8,Pyramidal,Pyr,4.0,397.9888458779532,-65.01231887823248,0.11304004947452623,16.0,30.0,1.4098185699039487,0.579833984375,-37.445068359375,58.10546875,0.00275000000000003,20.050048828125
140,OLL30,15,P14-P18,V1,OLL30.1,Pyramidal,Pyr,23.0,276.33314108883394,-74.17597745311708,0.11277775621191011,14.627118644067815,26.0,2.0121703853955375,2.9296875,-40.771484375,78.643798828125,0.0023500000000000743,13.61083984375
141,OLL30,15,P14-P18,V1,OLL30.2,Pyramidal,Pyr,4.0,391.56089632415086,-68.60803089854086,0.13721560478280595,10.0,34.0,1.2230769230769232,0.18310546875,-42.572021484375,66.802978515625,0.0022500000000000853,12.939453125
142,OLL30,15,P14-P18,V1,OLL30.3,Pyramidal,Pyr,6.0,508.48871425683615,-70.80231385874559,0.07520926714999981,5.982702702702713,34.0,1.2984886649874054,12.603759765625,-33.294677734375,72.174072265625,0.0018000000000000238,20.56884765625
143,OLL31,16,P14-P18,V1,OLL31.1,Pyramidal,Pyr,5.0,193.37430627021428,-67.7345228770031,0.05839432530801202,10.0,32.0,1.314863676341249,9.185791015625,-45.34912109375,88.470458984375,0.0015000000000000568,16.17431640625
144,OLL31,16,P14-P18,V1,OLL31.2,Pyramidal,Pyr,4.0,349.81228505597664,-66.91823480245023,0.09594077253554534,20.0,46.0,1.3914863921842289,1.220703125,-37.872314453125,67.81005859375,0.0015500000000001624,14.6484375
145,OLL31,16,P14-P18,V1,OLL31.3,Pyramidal,Pyr,6.0,405.1022303872018,-65.74009281507277,0.027123477765741127,16.534979423868265,48.0,1.200902934537246,3.3721923828125,-36.68212890625,57.098388671875,0.0018000000000000238,15.44189453125
146,OLL31,16,P14-P18,V1,OLL31.4,Pyramidal,Pyr,6.0,305.0920523193905,-70.51704546526068,0.07353656741447326,40.0,24.0,1.2636072572038421,0.823974609375,-37.139892578125,46.142578125,0.0017499999999999183,15.045166015625
147,OLL31,16,P14-P18,V1,OLL31.5,Pyramidal,Pyr,6.0,287.8959986005873,-69.8858277908087,0.09906605020237057,17.15384615384616,36.0,7.9025423728813555,0.823974609375,-38.726806640625,51.513671875,0.0021999999999999797,0.0
148,OLL31,16,P14-P18,V1,OLL31.6,Pyramidal,Pyr,4.0,306.7957384139055,-70.08695115046338,0.1044987873416545,9.333333333333304,42.0,1.2301101591187271,1.800537109375,-37.41455078125,65.3076171875,0.0016499999999999293,18.9208984375
149,OLL5,17,P14-P18,V1,OLL5.1,Pyramidal,Pyr,4.0,286.846332479077,-73.3900279961946,0.05439453589775861,50.0,24.0,2.1109324758842445,1.15966796875,-42.29736328125,86.639404296875,0.002650000000000041,15.594482421875
150,OLL5,17,P14-P18,V1,OLL5.2,Pyramidal,Pyr,4.0,344.3897150575134,-72.05673369388276,0.12225865579969564,20.0,24.0,1.4294140778607944,0.42724609375,-42.633056640625,81.97021484375,0.0024999999999999467,19.95849609375
151,OLL6,17,P14-P18,V1,OLL6.1,Pyramidal,Pyr,4.0,303.6305692258668,-78.53134835885433,0.17219074420063438,12.449877750611215,16.0,1.3319502074688796,0.213623046875,-29.47998046875,57.281494140625,0.0023999999999999577,17.822265625
152,OLL6,17,P14-P18,V1,OLL6.2,Pyramidal,Pyr,23.0,263.4550565984,-72.67794865781649,0.0685651161050104,27.000000000000007,20.0,1.4748792270531401,1.068115234375,-37.04833984375,67.474365234375,0.0023999999999999577,20.233154296875
153,OLL6,17,P14-P18,V1,OLL6.3,Pyramidal,Pyr,5.0,121.1981687187042,-61.82175622677195,0.03471121991980511,20.0,32.0,7.2792792792792795,13.275146484375,-40.985107421875,86.42578125,0.0016500000000001513,1.312255859375
154,OLL7 ,17,P14-P18,S1BF,OLL7.1,Pyramidal,Pyr,4.0,344.54085482670496,-69.91912025243036,0.11405899331626487,30.0,26.0,1.642929292929293,4.08935546875,-31.097412109375,66.2841796875,0.0020999999999999908,22.613525390625
155,SA103,17,P14-P18,S1BF,SA103.1,Pyramidal,Pyr,4.0,376.48336426786176,-76.42572992375864,0.07322839716687586,40.0,36.0,1.3440968718466195,2.532958984375,-36.651611328125,68.42041015625,0.0020500000000001073,19.34814453125
156,SA103,17,P14-P18,S1BF,SA103.2,LHX6,PV,4.0,62.790986533477145,-61.265789225250394,,189.50000000000003,100.0,1.271341463414634,0.3662109375,-46.38671875,75.592041015625,0.0005999999999999339,21.759033203125
157,SA103,17,P14-P18,S1BF,SA103.3,LHX6,PV,4.0,87.82033495160546,-55.364436673895916,,155.84615384615392,124.0,1.3274021352313168,0.213623046875,-44.25048828125,62.8662109375,0.0005999999999999339,17.27294921875
158,SA103,17,P14-P18,S1BF,SA103.4,Pyramidal,Pyr,4.0,298.37951403693364,-80.00397780013567,0.0649123980150835,30.0,30.0,2.4571865443425076,2.777099609375,-41.3818359375,72.08251953125,0.0018499999999999073,20.69091796875
159,SA103,17,P14-P18,S1BF,SA103.5,LHX6,PV,4.0,61.29153158849537,-65.38211004846,,357.3333333333332,78.0,0.9856,3.11279296875,-31.829833984375,54.229736328125,0.0005500000000000504,20.20263671875
160,SA107,17,P14-P18,V1,SA107.1,Pyramidal,Pyr,4.0,295.5616876468224,-75.5284400887117,0.05214825321672946,30.0,36.0,1.3395107487027427,0.8544921875,-41.3818359375,65.338134765625,0.0020499999999998852,14.22119140625
161,SA107,17,P14-P18,V1,SA107.2,Pyramidal,Pyr,4.0,349.80992218325395,-73.39400879582344,0.19015566286356128,20.0,36.0,1.6346346346346345,0.274658203125,-38.02490234375,62.225341796875,0.0021499999999998742,17.08984375
162,SA107,17,P14-P18,V1,SA107.3,LHX6;SSTCre,SST,4.0,228.22910117998188,-61.68653810401261,0.025396424612840564,35.61538461538464,62.0,1.2851985559566788,2.655029296875,-42.144775390625,58.837890625,0.0012499999999999734,9.46044921875
163,SA107,17,P14-P18,V1,SA107.4,LHX6,PV,5.0,199.547568935166,-70.96315287718639,0.02512170419540159,46.21739130434776,70.0,1.126865671641791,1.190185546875,-36.62109375,68.206787109375,0.0007999999999999119,23.0712890625
164,SA108,18,P14-P18,S1BF,SA108.1,LHX6,PV,4.0,159.34367206857254,-74.60649306434095,0.025214485728925925,140.2857142857142,90.0,2.6580645161290324,0.732421875,-36.163330078125,63.41552734375,0.0006500000000000394,13.3056640625
165,SA109,18,P14-P18,S1BF,SA109.1,SSTCre,SST,4.0,106.7294728434828,-70.43322029256153,,209.8893280632413,110.0,2.3901960784313725,2.716064453125,-37.994384765625,57.92236328125,0.0009000000000001229,8.575439453125
166,SA109,18,P14-P18,S1BF,SA109.2,SSTCre,SST,4.0,108.97786883353693,-67.33426757717132,,104.8461538461539,118.0,1.9619047619047618,6.011962890625,-45.379638671875,77.728271484375,0.0007500000000000284,8.270263671875
167,SA109,18,P14-P18,S1BF,SA109.3,SSTCre,SST,5.0,337.9238324215082,-64.60078804837926,0.03403768977777291,10.0,76.0,1.1793478260869565,12.786865234375,-43.212890625,46.173095703125,0.0014000000000000679,10.528564453125
168,SA109,18,P14-P18,S1BF,SA109.4,SSTCre,SST,4.0,153.08543703856216,-65.71352248328287,,67.66666666666661,92.0,1.312242090784044,10.101318359375,-40.740966796875,58.441162109375,0.0009500000000000064,10.80322265625
169,SA111,6,P5-P8,S1BF,SA111.1,Pyramidal,Pyr,4.0,1452.63671875,-79.25720214843749,0.08298173683899583,15.0,18.0,1.639344262295082,6.65283203125,-32.745361328125,68.29833984375,0.0029999999999998916,13.580322265625
170,SA111,6,P5-P8,S1BF,SA111.2,Pyramidal,Pyr,4.0,1124.5727539062516,-57.815551757812486,0.1001667557637612,10.714285714285712,24.0,1.4470108695652173,0.701904296875,-30.731201171875,50.933837890625,0.0033999999999998476,14.129638671875
171,SA111,6,P5-P8,S1BF,SA111.3,Pyramidal,Pyr,4.0,859.50069686058,-57.04252046640645,0.07723666515107505,13.222222222222209,14.0,1.2926136363636365,8.23974609375,-29.205322265625,57.159423828125,0.003650000000000153,12.664794921875
172,SA111,6,P5-P8,S1BF,SA111.4,Pyramidal,Pyr,4.0,798.4064118382612,-62.33447311732766,0.07889835274736406,11.427762039660061,20.0,1.2286852589641435,7.232666015625,-30.853271484375,54.8095703125,0.0029000000000001247,13.336181640625
173,SA120,7,P5-P8,S1BF,SA120.1,SSTCre,SST,4.0,1041.119249286338,-52.08633674704083,0.07531067390831853,10.0,32.0,1.1616809116809117,4.08935546875,-41.717529296875,72.235107421875,0.0025999999999999357,12.542724609375
174,SA120,7,P5-P8,S1BF,SA120.2,SSTCre,SST,4.0,517.9622145717739,-59.69411104188155,0.06420923296236722,35.0,30.0,1.1628440366972477,0.54931640625,-41.107177734375,57.159423828125,0.0023500000000000743,16.876220703125
175,SA120,7,P5-P8,S1BF,SA120.3,Pyramidal,Pyr,4.0,669.1304871552394,-58.27150050764041,0.056410703842027614,34.22461538461536,12.0,1.2529644268774704,4.94384765625,-31.8603515625,57.525634765625,0.0030000000000001137,11.688232421875
176,SA121,7,P5-P8,S1BF,SA121.1,Pyramidal,Pyr,4.0,820.8684282586927,-58.34683899724758,0.08902885079500421,15.0,8.0,2.2454282964388836,6.866455078125,-31.005859375,69.091796875,0.0028000000000001357,16.90673828125
177,SA122,8,P5-P8,S1BF,SA122.1,SSTCre,FS,4.0,212.0888520093342,-71.86890191964257,0.09672478648151955,141.0,32.0,1.3803191489361701,11.383056640625,-32.440185546875,64.94140625,0.0015500000000001624,19.378662109375
178,SA122,8,P5-P8,S1BF,SA122.2,SSTCre,SST,4.0,533.31644145887,-56.77273322587532,0.14003568118972273,12.30769230769229,44.0,1.3368298368298368,0.946044921875,-43.15185546875,69.091796875,0.0021999999999999797,13.275146484375
179,SA122,8,P5-P8,S1BF,SA122.3,SSTCre,SST,4.0,833.927126316165,-56.54598924336134,0.07891533074994676,12.272727272727277,26.0,1.6385454545454545,4.94384765625,-29.022216796875,44.12841796875,0.003049999999999997,19.378662109375
180,SA122,8,P5-P8,S1BF,SA122.4,Pyramidal,Pyr,4.0,798.5307414082188,-61.0924600678377,0.10007538618922467,14.99999999999999,20.0,1.6210743801652892,5.79833984375,-32.04345703125,60.760498046875,0.0024999999999999467,17.913818359375
181,SA123,8,P5-P8,S1BF,SA123.1,SSTCre,SST,4.0,504.0024266098477,-58.567301432291686,0.060761841737155146,29.999999999999982,40.0,1.1704545454545454,3.90625,-40.34423828125,71.83837890625,0.0019000000000000128,17.578125
182,SA123,8,P5-P8,S1BF,SA123.2,Pyramidal,Pyr,4.0,930.6990473281089,-58.884483712811395,0.050876644834557345,5.454545454545448,26.0,1.5528781793842035,4.39453125,-34.515380859375,66.162109375,0.0028000000000001357,19.195556640625
183,SA129,6,P5-P8,V1,SA129.1,SSTCre,SST,5.0,1123.6062567710335,-63.71808157093198,0.11075479298003248,10.0,32.0,1.0445956160241874,4.45556640625,-39.215087890625,60.97412109375,0.0037000000000000366,15.655517578125
184,SA129,6,P5-P8,V1,SA129.2,SSTCre,SST,4.0,1176.868785511364,-53.80859375,0.084667256978702,10.0,16.0,1.2324324324324325,10.528564453125,-36.9873046875,47.18017578125,0.005349999999999966,16.082763671875
185,SA129,6,P5-P8,V1,SA129.3,Pyramidal,Pyr,4.0,1599.121093749997,-61.48681640625003,0.12894562644812532,6.666666666666651,6.0,1.5597222222222222,0.152587890625,-24.96337890625,54.229736328125,0.0047999999999999154,14.5263671875
186,SA130,6,P5-P8,S1BF,SA130.1,LHX6,PV,23.0,301.8188476562494,-64.08081054687501,0.1642156375725579,71.0,4.0,,1.40380859375,-37.933349609375,44.677734375,0.003250000000000197,10.040283203125
187,SA130,6,P5-P8,S1BF,SA130.2,LHX6,SST,4.0,210.87646484374923,-65.087890625,0.17204481981363193,23.789473684210485,6.0,0.02423469387755102,0.30517578125,-31.6162109375,48.370361328125,0.006399999999999961,11.8408203125
188,SA130,6,P5-P8,S1BF,SA130.3,LHX6,PV,4.0,1198.1201171875005,-67.889404296875,0.08957438077726958,24.9162303664921,44.0,1.1647331786542923,3.0517578125,-31.707763671875,50.6591796875,0.0021500000000000963,22.3388671875
189,SA130,6,P5-P8,S1BF,SA130.4,LHX6,PV,4.0,1167.6025390624989,-70.31250000000001,0.12112852263358728,20.188235294117597,46.0,1.1967592592592593,1.190185546875,-29.4189453125,51.849365234375,0.0020000000000000018,21.209716796875
190,SA130,6,P5-P8,S1BF,SA130.5,LHX6,PV,5.0,1524.047851562499,-74.59106445312501,0.11674038757038965,14.241900647948153,48.0,1.2203389830508475,0.42724609375,-34.11865234375,58.990478515625,0.0020000000000000018,18.4326171875
191,SA131,12,P9-P13,V1,SA131.1,LHX6,SST,4.0,855.3984670928024,-67.64933268229169,0.06132527301852467,5.000000000000001,30.0,1.0623209169054442,1.4495849609375,-44.219970703125,72.81494140625,0.002650000000000041,17.364501953125
192,SA131,12,P9-P13,S1BF,SA131.2,Pyramidal,Pyr,4.0,420.1783032949855,-65.80832928091225,0.10293972487322399,19.69126213592233,24.0,1.2597444089456868,7.904052734375,-34.24072265625,78.033447265625,0.0019499999999998963,17.669677734375
193,SA131,12,P9-P13,S1BF,SA131.3,LHX6,SST,4.0,264.20656026722037,-61.32674758028071,0.124075844110415,14.339805825242712,40.0,1.3510815307820299,3.143310546875,-43.88427734375,90.240478515625,0.0013999999999998458,11.77978515625
194,SA131,12,P9-P13,S1BF,SA131.4,LHX6,PV,4.0,117.19649475922569,-61.3274229780921,,124.84151283205759,60.0,1.266441821247892,10.284423828125,-31.8603515625,64.971923828125,0.0010999999999998789,20.538330078125
195,SA132,8,P5-P8,V1,SA132.2,Pyramidal,Pyr,4.0,942.9931640624993,-65.8660888671875,0.13526277371564213,26.009433962264165,16.0,1.1944971537001898,0.701904296875,-32.440185546875,59.75341796875,0.003249999999999975,17.51708984375
196,SA133,17,P14-P18,S1BF,SA133.1,LHX6,SST,5.0,193.1244837803332,-59.82108330373712,,31.50551876379695,46.0,3.046228710462287,4.180908203125,-47.2412109375,78.094482421875,0.0012000000000000899,12.939453125
197,SA133,17,P14-P18,S1BF,SA133.2,LHX6,PV,4.0,167.95013790058962,-66.77890386120836,0.030265299456436114,146.11764705882354,70.0,1.0133982947624847,2.62451171875,-32.257080078125,57.06787109375,0.0010499999999999954,18.707275390625
198,SA133,17,P14-P18,S1BF,SA133.3,LHX6,PV,4.0,85.89870823728319,-64.95975564164547,,281.00000000000006,40.0,1.120879120879121,4.302978515625,-22.186279296875,44.98291015625,0.001100000000000101,19.71435546875
199,SA133,17,P14-P18,S1BF,SA133.5,Pyramidal,Pyr,4.0,207.23552868025982,-78.07475897309968,0.07248603438605025,36.99999999999995,14.0,3.77845220030349,1.556396484375,-29.541015625,64.666748046875,0.002449999999999841,16.7236328125
200,SA134,7,P5-P8,S1BF,SA134.1,SSTCre,SST,5.0,910.7185132575752,-55.32023111979168,0.05816883031132523,6.6666666666666625,24.0,1.1003552397868561,0.8544921875,-39.398193359375,69.7021484375,0.0032000000000000917,20.32470703125
201,SA134,7,P5-P8,S1BF,SA134.2,SSTCre,SST,5.0,628.921046401515,-66.03597005208334,0.0926762155345121,10.0,34.0,1.184775536759922,4.058837890625,-49.652099609375,80.230712890625,0.0024999999999999467,10.986328125
202,SA134,7,P5-P8,S1BF,SA134.3,SSTCre,SST,23.0,985.1074218749998,-64.01977539062501,0.14776807706827097,26.944055944055975,26.0,1.1849380362249762,3.5400390625,-34.24072265625,54.74853515625,0.0030000000000001137,21.728515625
203,SA134,7,P5-P8,S1BF,SA134.4,SSTCre,SST,4.0,831.1138731060606,-61.415608723958336,0.08710998393459733,6.924050632911385,8.0,1.5440097799511003,2.716064453125,-35.09521484375,63.446044921875,0.0033000000000000806,16.326904296875
204,SA134,7,P5-P8,S1BF,SA134.5,SSTCre,SST,4.0,882.6608368844695,-68.60249837239584,0.13182959611816536,25.0,34.0,1.0935334872979214,0.91552734375,-39.947509765625,66.192626953125,0.002950000000000008,16.998291015625
205,SA134,7,P5-P8,V1,SA134.6,SSTCre,SST,4.0,1298.4767104640136,-68.66963704427087,0.1252265010225835,10.0,18.0,1.15625,0.457763671875,-44.43359375,55.877685546875,0.004050000000000109,12.969970703125
206,SA134,7,P5-P8,V1,SA134.7,SSTCre,SST,4.0,1098.5588304924242,-72.59724934895836,0.14648301110987835,5.999999999999998,30.0,1.0450135816841288,0.244140625,-45.59326171875,74.798583984375,0.0025999999999999357,15.899658203125
207,SA134,7,P5-P8,V1,SA134.8,LHX6,PV,4.0,1731.2529592803025,-67.98502604166667,0.07225458714937306,15.0,26.0,1.3880407124681935,1.434326171875,-32.65380859375,54.50439453125,0.002950000000000008,20.99609375
208,SA134,7,P5-P8,V1,SA134.9,Pyramidal,Pyr,4.0,1163.478042140151,-63.61287434895834,0.06246176244190436,30.0,4.0,,0.762939453125,-33.355712890625,57.67822265625,0.0040999999999999925,14.5263671875
209,SA149,8,P5-P8,V1,SA149.3,SSTCre,SST,5.0,1304.9316406249968,-63.04931640625002,0.15978462510718605,5.0,38.0,1.0204498977505112,0.3662109375,-44.036865234375,49.041748046875,0.0022500000000000853,18.4326171875
210,SA150,8,P5-P8,V1,SA150.2,SSTCre,SST,6.0,666.2512282430945,-66.85367886829127,0.09841019332223067,10.0,36.0,1.04986642920748,18.12744140625,-39.97802734375,52.8564453125,0.0020499999999998852,27.83203125
211,SA151,7,P5-P8,V1,SA151.1,SSTCre,SST,6.0,1518.2495117187493,-57.35321044921875,0.13952814412858877,5.0,42.0,0.9288888888888889,0.3662109375,-39.794921875,58.7158203125,0.0023500000000000743,19.34814453125
212,SA151,7,P5-P8,V1,SA151.2,SSTCre,SST,6.0,1328.9609791543264,-64.29352240539838,0.10323606597205176,5.0,38.0,1.0237651444547997,0.42724609375,-39.306640625,52.18505859375,0.0020499999999998852,20.294189453125
213,SA151,7,P5-P8,V1,SA151.3,SSTCre,SST,5.0,610.670527896364,-64.06799844793372,0.12281123494507187,16.11485870556061,38.0,1.0744466800804828,1.129150390625,-43.45703125,73.66943359375,0.0020500000000001073,11.04736328125
214,SA152,7,P5-P8,V1,SA152.1,SSTCre,SST,5.0,913.6962890624985,-59.18273925781252,0.06694661446146308,10.0,34.0,0.9378188000971581,0.732421875,-42.05322265625,72.723388671875,0.0019500000000001183,14.09912109375
215,SA152,7,P5-P8,V1,SA152.2,SSTCre,SST,42.0,765.6860351562492,-65.60058593750001,0.14805434411885998,10.0,28.0,1.2827260458839407,4.364013671875,-34.97314453125,60.699462890625,0.004550000000000054,28.045654296875
216,SA153,15,P14-P18,V1,SA153.1,SSTCre,SST,6.0,330.3957028556545,-66.41181540549287,0.10904598791087529,24.481361426256136,34.0,1.0925812385039853,0.30517578125,-43.39599609375,78.216552734375,0.0017499999999999183,13.885498046875
217,SA153,15,P14-P18,V1,SA153.2,Pyramidal,Pyr,5.0,258.4292968911564,-75.79827638582526,0.13618838730746372,30.0,22.0,4.482758620689655,0.823974609375,-40.4052734375,67.2607421875,0.003349999999999964,0.0
218,SA153,15,P14-P18,V1,SA153.3,SSTCre,SST,5.0,372.571608236691,-71.6673235925222,0.16092030191492515,9.58823529411765,62.0,0.9972170686456401,0.9765625,-42.572021484375,81.939697265625,0.0012499999999999734,20.20263671875
219,SA154,15,P14-P18,V1,SA154.1,SSTCre,SST,5.0,403.1514847036709,-62.87723168494946,0.12147550994730663,16.861367837338275,40.0,1.258252427184466,0.1220703125,-46.844482421875,87.982177734375,0.0015500000000001624,7.110595703125
220,SA154,15,P14-P18,V1,SA154.2,SSTCre,SST,5.0,380.157103545996,-67.97101636082354,0.0894321123620948,20.0,58.0,1.1591962905718702,1.190185546875,-42.449951171875,83.038330078125,0.0012499999999999734,16.448974609375
221,SA155,15,P14-P18,V1,SA155.1,SSTCre,SST,5.0,305.07985144792644,-66.63128148055463,0.13247394988622901,20.080000000000005,42.0,1.1235955056179776,5.126953125,-42.05322265625,83.282470703125,0.0018000000000000238,13.153076171875
222,SA155,15,P14-P18,V1,SA155.2,SSTCre,SST,6.0,365.0669926421927,-68.95364101001172,0.05294977546836168,22.226548672566377,46.0,1.3078556263269638,2.777099609375,-42.1142578125,72.845458984375,0.0018000000000000238,10.284423828125
223,SA156,15,P14-P18,V1,SA156.1,SSTCre,SST,6.0,383.5100380483271,-70.51247595061497,0.05899141637491024,17.20172599784252,44.0,1.258345428156749,2.74658203125,-44.158935546875,63.232421875,0.0020500000000001073,11.932373046875
224,SA157,8,P5-P8,V1,SA157.1,SSTCre,SST,6.0,2131.3864087301617,-61.8856520879836,0.10970088337264348,6.0,28.0,1.0214592274678111,0.518798828125,-37.994384765625,64.666748046875,0.0041999999999999815,18.035888671875
225,SA157,8,P5-P8,V1,SA157.2,SSTCre,SST,6.0,717.3665364583326,-62.05037434895834,0.07967504416066694,5.0,30.0,1.0512514898688916,0.8544921875,-44.586181640625,73.18115234375,0.002649999999999819,16.998291015625
226,SA158,8,P5-P8,V1,SA158.1,SSTCre,SST,6.0,942.7146306113609,-67.3519316173735,0.07377894044714528,6.0,20.0,1.1221288515406163,1.129150390625,-30.57861328125,43.182373046875,0.0029999999999998916,26.42822265625
227,SA158,8,P5-P8,V1,SA158.2,SSTCre,SST,6.0,1170.6542968749998,-61.718750000000014,0.11952889830475577,10.0,32.0,1.45375,0.3662109375,-39.642333984375,67.962646484375,0.002650000000000041,7.904052734375
228,SA158,8,P5-P8,V1,SA158.3,SSTCre,SST,6.0,527.3121517378154,-68.13526520644635,0.09456156352444706,6.666666666666658,22.0,1.0624685138539043,4.364013671875,-42.48046875,59.783935546875,0.003149999999999986,10.467529296875
229,SA159,18,P14-P18,V1,SA159.1,SSTCre,SST,5.0,174.7629538049839,-63.33581232541882,0.04076076604165565,27.666666666666604,42.0,1.1794500723589,4.0283203125,-43.76220703125,78.338623046875,0.0010999999999998789,12.51220703125
230,SA159,18,P14-P18,V1,SA159.2,SSTCre,FS,5.0,137.05202905352334,-68.58513909355626,0.15126559273523596,134.48387096774186,108.0,1.0524017467248907,0.67138671875,-37.933349609375,55.206298828125,0.0006999999999999229,19.012451171875
231,SA159,18,P14-P18,V1,SA159.3,SSTCre,SST,5.0,376.5798611627098,-60.08895133178718,0.08738288026178945,8.358015815959748,66.0,0.992638036809816,4.364013671875,-41.900634765625,65.7958984375,0.0009999999999998899,10.92529296875
232,SA159,18,P14-P18,V1,SA159.4,SSTCre,SST,42.0,182.5377550140614,-69.31346360747273,0.15409027883500262,25.574257425742317,50.0,0.9067669172932331,0.6103515625,-40.83251953125,57.7392578125,0.0010999999999998789,6.988525390625
233,SA160,18,P14-P18,V1,SA160.1,SSTCre,SST,5.0,359.38405346522984,-66.47860090587277,0.16659227187235043,7.409326424870476,64.0,1.2980561555075594,1.52587890625,-45.2880859375,69.427490234375,0.0013499999999999623,9.002685546875
234,SA160,18,P14-P18,V1,SA160.2,SSTCre,SST,5.0,408.3563977428583,-62.76487606810115,0.05303011739387314,14.690196078431383,48.0,1.247719298245614,4.82177734375,-37.90283203125,66.58935546875,0.0011999999999998678,13.427734375
235,SA83,11,P9-P13,V1,SA83.1,LHX6,PV,4.0,213.65035759914736,-62.24213932963221,0.14005247668626,61.666666666666636,58.0,1.286368843069874,1.434326171875,-37.65869140625,56.2744140625,0.0016500000000001513,18.5546875
236,SA83,11,P9-P13,V1,SA83.2,LHX6,PV,4.0,246.68878743328625,-60.05882265699054,0.13254351879461743,82.00000000000006,48.0,1.0862239841427155,1.64794921875,-32.40966796875,52.18505859375,0.0016000000000000458,20.904541015625
237,SA83,11,P9-P13,V1,SA83.3,LHX6;SSTCre,SST,4.0,386.67960654526405,-60.08429745364235,0.16833269574270432,31.66666666666664,42.0,1.1439024390243901,2.99072265625,-39.55078125,57.342529296875,0.0020000000000000018,11.077880859375
238,SA83,11,P9-P13,V1,SA83.4,LHX6,PV,4.0,254.46407872774512,-56.835683941487396,0.018716226796002156,41.66666666666669,58.0,1.1747463359639234,0.396728515625,-30.029296875,48.675537109375,0.0015499999999999403,20.20263671875
239,SA84,11,P9-P13,V1,SA84.1,SSTCre,SST,4.0,252.72253787878708,-55.00691731770835,0.197454225700533,72.6666666666666,16.0,1.7916666666666667,0.213623046875,-31.036376953125,55.511474609375,0.0021499999999998742,10.92529296875
240,SA85,13,P14-P18,V1,SA85.1,SSTCre,SST,4.0,127.13412042390502,-59.65526426735675,0.01991163710197273,23.94117647058827,34.0,2.9216867469879517,0.42724609375,-48.187255859375,60.6689453125,0.0015499999999999403,9.3994140625
241,SA85,13,P14-P18,V1,SA85.2,SSTCre,SST,4.0,273.87146872832915,-60.79915871758079,0.1476099141393649,14.576923076923048,40.0,1.9008042895442359,4.791259765625,-41.19873046875,69.27490234375,0.0015499999999999403,10.894775390625
242,SA85,13,P14-P18,V1,SA85.3,SSTCre,SST,4.0,215.84538274440519,-63.304227636056474,0.07752323742266473,48.500000000000014,54.0,1.0898587933247754,0.48828125,-41.80908203125,53.77197265625,0.0014499999999999513,12.14599609375
243,SA86,13,P14-P18,V1,SA86.1,SSTCre,SST,4.0,359.0215611697562,-55.296388212495984,0.19304171070945142,22.891304347826075,32.0,1.0516455696202531,0.3509521484375,-38.6962890625,59.63134765625,0.0013499999999999623,11.749267578125
244,SA86,13,P14-P18,V1,SA86.2,SSTCre,SST,4.0,169.87430265113977,-67.44334275009136,0.1965702925348496,67.66666666666669,20.0,1.7317436661698957,0.91552734375,-43.701171875,54.26025390625,0.0014999999999998348,11.41357421875
245,SA87,16,P14-P18,V1,SA87.1,Pyramidal,FS,4.0,135.91810396865142,-60.812987994769834,,131.64369616288175,74.0,0.9235127478753541,2.838134765625,-32.53173828125,62.835693359375,0.0006500000000000394,25.726318359375
246,SA88,16,P14-P18,V1,SA88.1,LHX6,PV,4.0,161.92357051234933,-67.88065975654222,0.02604207704726418,140.50904799370576,68.0,0.44245142002989535,3.173828125,-28.717041015625,58.319091796875,0.0009499999999997844,25.115966796875
247,SA88,16,P14-P18,V1,SA88.2,LHX6,PV,4.0,120.8745313183799,-71.74044349569776,,242.99999999999994,70.0,0.8636096413874191,1.129150390625,-33.02001953125,60.028076171875,0.0008500000000000174,21.54541015625
248,SA88,16,P14-P18,S1BF,SA88.3,LHX6,PV,4.0,80.99492001860827,-61.99493139627945,,225.87000000000006,112.0,0.8573883161512027,1.220703125,-39.00146484375,62.408447265625,0.0005999999999999339,14.373779296875
249,SA88,16,P14-P18,S1BF,SA88.4,Pyramidal,Pyr,4.0,362.2153320492146,-63.066680223680606,0.04964664730569182,40.0,16.0,1.242086144265698,4.364013671875,-35.21728515625,59.63134765625,0.0020500000000001073,27.313232421875
250,SA89,16,P14-P18,V1,SA89.1,LHX6,PV,4.0,142.83619063316067,-71.75036680608368,0.017823181666571535,127.97138184791483,66.0,1.0875912408759123,1.40380859375,-33.935546875,58.2275390625,0.0009999999999998899,24.932861328125
251,SA89,16,P14-P18,V1,SA89.2,LHX6,PV,4.0,124.38928751225956,-57.41809171739749,,65.62686567164181,76.0,0.9552529182879378,1.77001953125,-35.09521484375,49.49951171875,0.0010499999999999954,20.6298828125
252,SA90,8,P5-P8,V1,SA90.1,SSTCre,SST,4.0,679.6545507065935,-69.21581794359655,0.11376933793019665,10.0,50.0,1.032427695004382,1.5869140625,-42.572021484375,66.558837890625,0.0020499999999998852,20.233154296875
253,SA90,8,P5-P8,V1,SA90.2,Pyramidal,Pyr,5.0,1031.881396436676,-63.37703399054098,0.1002340923873213,20.0,20.0,0.7312116564417178,2.3193359375,-36.102294921875,58.807373046875,0.00374999999999992,14.22119140625
254,SA91,8,P5-P8,V1,SA91.1,LHX6,SST,4.0,717.4551858618246,-67.91943647814144,0.07346495991691793,5.789473684210525,42.0,1.3045454545454545,11.1083984375,-33.69140625,54.74853515625,0.0025500000000000522,23.25439453125
255,SA91,8,P5-P8,V1,SA91.2,LHX6,PV,4.0,619.9504405319118,-59.3724457861246,0.056461961720027806,19.166666666666664,32.0,1.2366863905325445,0.762939453125,-32.196044921875,49.957275390625,0.002950000000000008,21.3623046875
256,SA91,8,P5-P8,V1,SA91.3,LHX6;SSTCre,SST,4.0,306.9169315549948,-74.33120462306066,0.09292768066856019,45.00000000000003,58.0,1.4099560761346999,2.960205078125,-38.0859375,64.117431640625,0.0019499999999998963,13.916015625
257,SA92,9,P9-P13,V1,SA92.1,SSTCre,SST,4.0,803.0377012310606,-60.56722005208334,0.12548295936061885,8.24590163934427,38.0,2.2876404494382023,0.640869140625,-37.933349609375,73.028564453125,0.0020000000000000018,11.53564453125
258,SA92,9,P9-P13,S1BF,SA92.3,Pyramidal,Pyr,4.0,587.1006333078938,-61.88178613755426,0.07278850922392023,12.999999999999991,12.0,1.228676085818943,3.7841796875,-36.376953125,71.1669921875,0.0029999999999998916,19.744873046875
259,SA92,9,P9-P13,S1BF,SA92.4,SSTCre,SST,4.0,510.1059422348477,-63.46537272135418,0.14680040678527587,18.118644067796584,32.0,1.3331653225806452,4.45556640625,-35.614013671875,54.840087890625,0.0024000000000001798,23.86474609375
260,SA94,9,P9-P13,V1,SA94.1,LHX6,PV,4.0,199.0378230827605,-60.74685388590736,0.03799806866803892,20.999999999999876,46.0,1.2787979966611018,5.37109375,-33.111572265625,57.098388671875,0.0016000000000000458,24.017333984375
261,SA94,9,P9-P13,S1BF,SA94.2,LHX6,PV,4.0,176.06289543628696,-66.02877410749247,0.08754103458818403,97.07540983606548,28.0,1.4510050251256281,7.843017578125,-31.829833984375,60.699462890625,0.0011499999999999844,22.308349609375
262,SA94,9,P9-P13,S1BF,SA94.3,LHX6,PV,4.0,201.77706729183134,-73.68992661626447,0.0842205508464359,81.00000000000007,58.0,1.408684546615581,5.767822265625,-34.210205078125,64.8193359375,0.0013499999999999623,23.86474609375
263,SA94,9,P9-P13,S1BF,SA94.4,LHX6,PV,4.0,45.881748461605376,-61.27427502544364,,246.33333333333323,34.0,1.4159928122192273,1.129150390625,-26.0009765625,50.47607421875,0.0010499999999999954,20.172119140625
264,SA94,9,P9-P13,S1BF,SA94.5,SSTCre,SST,4.0,154.37746175992638,-65.8489861730231,0.04437403179950882,103.36363636363626,66.0,1.284584980237154,1.556396484375,-39.398193359375,66.864013671875,0.0012999999999998568,14.83154296875
265,SA94,9,P9-P13,S1BF,SA94.6,SSTCre,SST,4.0,213.75805066641087,-69.29018545608285,0.05643483947645344,85.54545454545452,70.0,1.4691449814126394,4.180908203125,-31.768798828125,52.337646484375,0.0014500000000001734,20.172119140625
266,SA94,9,P9-P13,S1BF,SA94.7,Pyramidal,Pyr,4.0,882.5683593750007,-69.80929904513887,0.06819788164129616,10.0,36.0,1.6071235833783055,7.87353515625,-33.02001953125,57.7392578125,0.0025500000000000522,20.172119140625
267,SA96,10,P9-P13,V1,SA96.1,LHX6;SSTCre,SST,4.0,232.8152880168439,-64.6658151390371,0.051029711318566054,73.30769230769239,46.0,1.2282282282282282,0.3662109375,-35.430908203125,55.2978515625,0.0021500000000000963,11.993408203125
268,SA96,10,P9-P13,V1,SA96.2,LHX6,PV,4.0,368.84139145736185,-64.58152996309569,0.10586678355791058,59.749999999999915,62.0,1.428882833787466,4.364013671875,-32.806396484375,52.947998046875,0.0017000000000000348,18.157958984375
269,SA96,10,P9-P13,S1BF,SA96.3,LHX6,PV,4.0,308.6860654495,-67.51758157067773,0.04112288912404383,15.702541106128566,66.0,1.165732586068855,5.92041015625,-33.782958984375,48.614501953125,0.0014000000000000679,24.993896484375
270,SA96,10,P9-P13,S1BF,SA96.4,LHX6,PV,4.0,119.57563342187751,-64.54402259123061,,167.4187935034803,64.0,1.6183368869936035,4.425048828125,-26.42822265625,57.281494140625,0.0012499999999999734,17.852783203125
271,SA96,10,P9-P13,S1BF,SA96.5,LHX6,PV,5.0,225.6293111234935,-61.95197234562434,0.055315148770903474,61.79026955950033,86.0,1.2580645161290323,5.279541015625,-33.538818359375,44.219970703125,0.0013499999999999623,13.397216796875
272,SA99,15,P14-P18,S1BF,SA99.1,Pyramidal,Pyr,4.0,238.45640086099053,-80.6550931550977,0.10183185889969879,23.00558659217874,26.0,1.987573577501635,2.899169921875,-31.280517578125,62.8662109375,0.0019000000000000128,25.543212890625
273,SA99,15,P14-P18,S1BF,SA99.2,Pyramidal,Pyr,4.0,351.1986636580941,-75.91097637092248,0.06478802686675886,19.69126213592233,24.0,1.7537012113055181,1.739501953125,-35.797119140625,44.189453125,0.0026999999999999247,18.6767578125
274,SA99,15,P14-P18,S1BF,SA99.3,SSTCre,FS,4.0,184.53992543136377,-67.83794761895288,0.020619463801466807,98.1323529411765,100.0,1.2857142857142858,2.288818359375,-31.646728515625,55.48095703125,0.0006999999999999229,21.484375
275,SX23,13,P14-P18,V1,SX23.3,Pyramidal,Pyr,4.0,559.9698153409086,-70.65429687500001,0.11182542555121534,6.145631067961173,22.0,1.260543245175125,0.91552734375,-37.445068359375,54.443359375,0.003349999999999964,11.810302734375
276,SX23,13,P14-P18,V1,SX23.4,Pyramidal,Pyr,4.0,608.7609493371208,-68.17423502604167,0.13414918746802293,19.683018867924524,20.0,1.0343170899107756,0.91552734375,-34.942626953125,65.4296875,0.002749999999999808,14.190673828125
277,SX23,13,P14-P18,V1,SX23.5,Pyramidal,Pyr,4.0,552.460641571969,-80.35481770833336,0.0682975278408624,17.11737089201877,26.0,1.237998647734956,0.42724609375,-36.68212890625,56.94580078125,0.003049999999999997,17.578125
278,SX34,7,P5-P8,V1,SX34.1,LHX6,ND,23.0,1305.592854817709,-65.10908338758678,0.05826906397135058,19.39999999999998,46.0,1.3669724770642202,0.823974609375,-35.308837890625,44.525146484375,0.0022500000000000853,12.75634765625
279,SX34,7,P5-P8,V1,SX34.2,Pyramidal,Pyr,4.0,1022.9995570231954,-51.7369221166237,0.061911579885461775,9.0,14.0,1.4338085539714867,2.716064453125,-29.327392578125,54.107666015625,0.0029999999999998916,16.2353515625
280,SX34,7,P5-P8,V1,SX34.3,LHX6,PV,4.0,200.49896285099933,-52.19628217114451,0.10720961445480563,60.99999999999992,48.0,1.2592152199762188,0.213623046875,-37.9638671875,49.224853515625,0.0020999999999999908,8.85009765625
281,SX34,7,P5-P8,V1,SX34.4,LHX6,PV,4.0,1354.3701171874993,-65.40222167968751,0.06825354900047996,19.832985386221306,50.0,1.1864776444929117,0.518798828125,-28.289794921875,46.7529296875,0.0018499999999999073,24.23095703125
282,SX35,9,P9-P13,V1,SX35.1,Pyramidal,Pyr,4.0,595.7216205018933,-67.24344889322917,0.11985910725241176,13.531468531468532,26.0,1.548936170212766,0.244140625,-29.388427734375,56.610107421875,0.002950000000000008,18.646240234375
283,SX35,9,P9-P13,V1,SX35.2,Pyramidal,Pyr,4.0,857.2789230005413,-62.56541767441048,0.18010350207244907,10.333333333333336,26.0,1.2672413793103448,7.6904296875,-26.458740234375,55.908203125,0.00275000000000003,20.751953125
284,SX35,9,P9-P13,S1BF,SX35.3,LHX6,PV,4.0,218.29749292382013,-70.11973947156064,,88.99999999999999,76.0,1.486206896551724,12.02392578125,-34.1796875,50.29296875,0.0014000000000000679,12.664794921875
285,SX35,9,P9-P13,S1BF,SX35.4,Pyramidal,Pyr,4.0,659.4059037306716,-61.22722391591419,0.07050505481213135,19.344827586206875,28.0,1.241254523522316,5.706787109375,-28.778076171875,56.09130859375,0.002449999999999841,13.763427734375
286,SX35,9,P9-P13,S1BF,SX35.5,Pyramidal,Pyr,4.0,591.32523090828,-66.55617787985345,0.060848979251395624,28.599999999999966,24.0,1.4847702632937532,7.232666015625,-28.6865234375,61.309814453125,0.0022500000000000853,18.00537109375
287,SX35,9,P9-P13,S1BF,SX35.6,LHX6,SST,4.0,727.5101909521933,-67.46967360785621,0.06626838591040357,9.166666666666673,64.0,1.4129793510324484,2.471923828125,-33.416748046875,60.4248046875,0.0015000000000000568,21.240234375
288,SX35,9,P9-P13,V1,SX35.7,LHX6,PV,4.0,604.44894992204,-60.169625974339205,0.05951407122710561,15.454545454545437,52.0,1.0807692307692307,0.48828125,-32.989501953125,46.56982421875,0.0019000000000000128,25.20751953125
289,SX35,9,P9-P13,V1,SX35.8,Pyramidal,Pyr,4.0,814.5657432203138,-68.51668893671803,0.06379883233472007,11.000000000000002,40.0,1.2420382165605095,0.244140625,-41.229248046875,56.7626953125,0.0022999999999999687,11.3525390625
290,SX39,11,P9-P13,V1,SX39.2,Pyramidal,Pyr,4.0,477.55454574774325,-73.27865433342214,0.09688864655839054,9.545454545454547,28.0,1.2911497105045493,0.30517578125,-34.088134765625,68.634033203125,0.0022999999999999687,14.862060546875
291,SX39,11,P9-P13,V1,SX39.3,Pyramidal,Pyr,4.0,692.7259695541189,-67.73003280106528,0.13437851924608613,7.5000000000000036,28.0,1.1873622336517267,0.244140625,-35.186767578125,63.323974609375,0.002850000000000019,16.998291015625
292,SX39,11,P9-P13,S1BF,SX39.4,Pyramidal,Pyr,4.0,360.52899794935297,-66.94554354435031,0.047457546843611025,15.0,20.0,1.8597236981934113,3.326416015625,-33.660888671875,62.774658203125,0.0016999999999998128,19.6533203125
293,SX39,11,P9-P13,S1BF,SX39.5,Pyramidal,Pyr,4.0,495.0403170039629,-69.30704284615152,0.10014659202726876,13.333333333333318,30.0,5.06636670416198,4.241943359375,-32.77587890625,50.994873046875,0.0023500000000000743,19.683837890625
294,SX39,11,P9-P13,S1BF,SX39.6,Pyramidal,Pyr,4.0,582.6796283986102,-66.04237086947964,0.08000148753575297,7.999999999999995,36.0,1.7566938300349244,0.30517578125,-31.3720703125,70.73974609375,0.0017499999999999183,22.735595703125
295,SX44,16,P14-P18,S1BF,SX44.2,LHX6,PV,4.0,244.8262679167548,-53.84676594914094,0.024477570607208426,20.0,106.0,1.1688888888888889,1.678466796875,-42.022705078125,68.023681640625,0.0009000000000001229,16.29638671875
296,SX44,16,P14-P18,S1BF,SX44.3,SSTCre,SST,4.0,388.3188959086605,-52.24042936346742,0.1436481207291945,53.50000000000009,54.0,1.5966292134831461,10.1318359375,-33.99658203125,66.497802734375,0.0011499999999999844,8.392333984375
297,SX47,17,P14-P18,S1BF,SX47.1,Pyramidal,Pyr,4.0,252.57029561909744,-70.1703483995157,,44.99999999999994,30.0,1.4904714142427282,8.819580078125,-28.86962890625,57.43408203125,0.0016499999999999293,16.387939453125
298,SX47,17,P14-P18,S1BF,SX47.2,Pyramidal,Pyr,4.0,184.02663885356105,-76.6482836860329,0.03534452614651799,74.99999999999997,16.0,13.836795252225519,1.89208984375,-33.26416015625,62.6220703125,0.0016999999999998128,17.730712890625
299,SX49,17,P14-P18,S1BF,SX49.1,LHX6,PV,4.0,63.03661441476857,-67.42650127136528,,320.41870016912276,196.0,0.32687927107061504,2.9296875,-40.83251953125,63.90380859375,0.0004999999999999449,14.801025390625
300,SX49,17,P14-P18,S1BF,SX49.2,LHX6,PV,4.0,81.81099579713062,-70.74549300179244,0.18848917350285585,185.88888888888889,132.0,1.0537190082644627,3.23486328125,-34.1796875,51.45263671875,0.0005500000000000504,17.27294921875
301,SX67,17,P14-P18,S1BF,SX67.1,LHX6,SST,4.0,293.00263584569933,-63.08498252866114,0.1949114166244204,20.0,58.0,1.3625827814569536,7.0953369140625,-47.607421875,68.17626953125,0.0013000000000000789,7.87353515625
