,Cell_ID,Age,Development,BrainArea,CellTarget,CellType,CellLayer,RMP,Rin,Tau,Rheobase,AP_Threshold,AP_Height,AP_HalfWidth,AP_AHP,MaxFiringFrequency,AdaptationIndex,VoltageSag,IntrinsicProfile,
0,MJ0.1,12,P9-P13,V1,Pyramidal,Pyr,4,-61.7925944,658.667843,0.066881223,7.5,-37.23144531,70.98388672,0.00295,4.089355469,30,1.30879816,1.989105225,RS,
1,MJ1.1,12,P9-P13,S1BF,Pyramidal,Pyr,4,-68.12855225,741.8226207,0.170997444,10,-38.51318359,51.51367188,0.0031,-0.152587891,30,2.223145401,4.343078613,RS_Ih_Bursting,
2,MJ11.2,7,P5-P8,V1,Pyramidal,Pyr,4,-64.39644368,1163.897298,0.104506501,9.166666667,-30.48706055,48.67553711,0.00485,-0.823974609,36,1.467032967,0.360748291,RS,
3,MJ15.1,6,P5-P8,V1,Pyramidal,Pyr,23,-62.27765881,1458.90529,0.091132062,10,-31.76879883,33.35571289,0.00165,-33.32519531,30,2,3.181091309,RS,
4,MJ17.1,8,P5-P8,V1,Pyramidal,Pyr,23,-60.27743358,1090.220342,0.129244438,7.857142857,-29.35791016,66.74194336,0.00295,10.37597656,16,1.434262948,1.936828613,RS,X
5,MJ17.2,8,P5-P8,V1,Pyramidal,FS,4,-63.06571248,1174.983391,0.153389982,19.33333333,-34.24072266,56.21337891,0.0022,22.97973633,36,1.20026178,6.838745117,FS,
6,MJ17.3,8,P5-P8,V1,Pyramidal,Pyr,4,-65.75460409,947.3304702,0.143887847,26.00943396,-32.44018555,59.75341797,0.00325,9.796142578,20,1.194497154,0.244506836,RS,
7,MJ19.1,9,P9-P13,V1,Pyramidal,Pyr,4,-56.5794373,1019.415702,0.1583011,15.8974359,-31.49414063,50.38452148,0.00345,3.112792969,16,2.587657784,0.572570801,RS,
8,MJ21.1,12,P9-P13,V1,Pyramidal,IN,4,-69.47401937,441.9650361,0.036906922,46,-27.70996094,50.38452148,0.0029,20.32470703,18,2.074918567,3.762329102,"Adapting, Ih",
9,MJ22.1,12,P9-P13,V1,Pyramidal,SST,4,-65.93467478,330.1407762,0.058963005,30.43669251,-44.49462891,78.00292969,0.00135,11.59667969,64,1.102914718,0.337036133,NFS_ADP,
10,MJ25.1,14,P14-P18,V1,Pyramidal,Pyr,4,-55.40522051,666.7084861,-0.479162766,10,-39.21508789,75.31738281,0.0035,0.091552734,28,1.357901312,1.016326904,RS,
11,MJ25.2,14,P14-P18,V1,Pyramidal,NGF,4,-60.61751707,770.4578988,0.329829125,19.05446623,-26.48925781,36.28540039,0.00405,3.692626953,12,1.424872356,0.901855469,NaN,
12,MJ26.1,15,P14-P18,V1,Pyramidal,Pyr,4,-75.7145459,579.7656764,0.122182828,20,-37.96386719,77.17895508,0.002,10.68115234,24,1.346418057,1.025970459,RS,
13,MJ30.1,11,P9-P13,V1,Pyramidal,Pyr,4,-62.60519248,1256.159091,0.138653864,13.03636364,-33.93554688,77.17895508,0.00245,13.33618164,16,1.418560606,8.058959961,RS,
14,MJ30.2,11,P9-P13,V1,Pyramidal,Pyr,4,-67.02305908,919.1156006,0.198097264,7.834697218,-24.44458008,67.3828125,0.0027,12.90893555,14,1.406844106,0.768127441,RS,
15,MJ30.3,11,P9-P13,V1,Pyramidal,Pyr,4,-61.26597774,793.5486258,0.098803976,20,-33.69140625,64.02587891,0.0029,8.7890625,24,1.323578595,0.818664551,RS,
16,MJ31.1,10,P9-P13,V1,Pyramidal,Pyr,4,-63.64291992,597.1478271,0.049071739,24.33333333,-35.64453125,66.00952148,0.00275,8.666992188,10,1.388308977,0.192047119,RS,
17,MJ31.2,10,P9-P13,V1,Pyramidal,Pyr,4,-57.05730896,699.4796753,-3.43413026,30,-35.36987305,77.94189453,0.002,7.690429688,6,1.157221207,3.08770752,RS,
18,MJ31.3,10,P9-P13,V1,Pyramidal,Pyr,4,-62.05763245,966.5164185,0.039857786,20,-35.8581543,71.50268555,0.0025,10.62011719,12,1.54751773,1.308990479,RS,
19,MJ32.1,11,P9-P13,V1,Pyramidal,Pyr,4,-56.61562127,1023.299089,0.085355506,20,-33.56933594,75.01220703,0.0037,3.814697266,18,1.382034632,0.561157227,RS,
20,MJ32.2,11,P9-P13,V1,Pyramidal,Pyr,4,-74.08385696,960.8457201,0.197534365,10,-28.65600586,68.42041016,0.00325,10.83374023,26,1.175551102,0.492919922,RS,
21,MJ32.3,11,P9-P13,V1,SSTCre,SST,4,-58.68397355,250.8894305,0.195516779,21.48169014,-46.11206055,68.66455078,0.0026,8.636474609,36,1.103144654,1.892913818,NFS,
22,MJ33.1,6,P5-P8,V1,Pyramidal,Pyr,4,-68.21579844,691.0145573,0.053416554,21.25764192,-30.85327148,49.62158203,0.0042,-0.457763672,10,1.742175857,7.115264893,RS,
23,MJ33.3,6,P5-P8,V1,Pyramidal,Pyr,23,-62.12971445,1227.143261,0.07941463,20,-28.93066406,45.56274414,0.00605,-9.429931641,10,0.001948052,1.18347168,RS,
24,MJ33.4,6,P5-P8,V1,Pyramidal,Pyr,5,-63.14750006,394.6219114,0.072509906,21,-34.94262695,70.86181641,0.00585,-20.72143555,26,1.449886963,6.627288818,RS_Ih,
25,MJ37.1,7,P5-P8,V1,Pyramidal,Pyr,4,-57.21267226,1155.030868,0.204067731,10,-22.79663086,51.60522461,0.0047,-4.39453125,16,1.237161897,0.625671387,RS,
26,MJ37.2,7,P5-P8,V1,Pyramidal,Pyr,4,-50.16116783,1101.734745,-0.400452381,31,-37.20092773,41.87011719,0.0052,-4.211425781,8,226.7537202,1.258483887,RS,
27,MJ37.3,7,P5-P8,V1,Pyramidal,Pyr,4,-55.06085946,274.2925552,3.419052257,91,-27.0690918,61.43188477,0.00335,4.028320313,2,,0.678955078,RS,
28,MJ39.1,8,P5-P8,V1,Pyramidal,Pyr,4,-56.19093323,1117.328796,0.092127119,5.318181818,-27.64892578,44.34204102,0.00495,0.305175781,20,0.001565762,3.79107666,RS,
29,MJ39.2,8,P5-P8,V1,Pyramidal,FS,4,-54.03413083,2053.936688,0.14634202,20,-29.96826172,55.3894043,0.00205,27.77099609,46,1.050699301,3.903533936,FS,
30,MJ39.3,8,P5-P8,V1,Pyramidal,Pyr,6,-62.87074026,1560.525175,0.139661819,20,-31.55517578,66.74194336,0.00265,16.20483398,32,1.133783784,7.475280762,RS_Ih,
31,MJ41.1,13,P9-P13,V1,Pyramidal,Pyr,4,-61.53986284,314.0167371,0.056585983,30,-39.36767578,63.4765625,0.00275,5.584716797,10,1.68869936,0.763122559,RS,
32,MJ41.2,13,P9-P13,V1,Pyramidal,Pyr,4,-64.57660317,422.9433718,0.085674576,7.621621622,-38.72680664,75.74462891,0.0024,4.760742188,16,2.051428571,0.798400879,RS,
33,MJ41.3,13,P9-P13,V1,Pyramidal,Pyr,4,-69.79787683,494.9220796,0.088185065,20,-39.03198242,76.53808594,0.00225,6.530761719,16,2.117307692,0.589996338,RS,
34,MJ41.4,13,P9-P13,V1,Pyramidal,Pyr,4,-67.23517063,277.2735643,0.09653144,14.62711864,-39.55078125,73.12011719,0.0023,3.662109375,12,1.437566702,0.602020264,RS,
35,MJ44.1,15,P14-P18,V1,Pyramidal,FS,4,-63.09256775,210.7366008,-0.736093959,98.84217335,-30.91430664,55.96923828,0.0011,25.29907227,48,1.009700889,1.880706787,FS,
36,MJ44.2,15,P14-P18,V1,Pyramidal,Pyr,4,-75.1914425,478.2458123,0.108569251,14.88235294,-26.18408203,59.17358398,0.00275,9.399414063,8,1.442610063,2.756103516,RS,
37,MJ44.3,15,P14-P18,V1,Pyramidal,Pyr,4,-66.50098727,498.1581708,0.044475149,31,-35.49194336,78.3996582,0.0018,9.918212891,38,1.296691569,0.972412109,RS,
38,MJ47.1,16,P14-P18,V1,Pyramidal,Pyr,4,-58.30946558,631.560559,0.048198107,10,-34.57641602,70.52612305,0.0022,13.70239258,18,1.603723404,1.943237305,RS,
39,MJ47.2,16,P14-P18,V1,Pyramidal,Pyr,4,-83.06728835,286.1919729,0.073757516,43.85714286,-40.13061523,82.27539063,0.0025,9.155273438,18,1.314873418,1.785522461,RS,
40,MJ47.3,16,P14-P18,V1,Pyramidal,Pyr,5,-64.15355345,291.2449186,0.171562152,20,-42.51098633,91.70532227,0.00215,5.462646484,26,1.315225161,5.689117432,RS_Ih,
41,MJ47.4,16,P14-P18,V1,Pyramidal,Pyr,23,-78.87766889,494.7800076,0.097860442,20,-37.26196289,75.59204102,0.00235,3.540039063,26,2.78528827,1.936645508,Bursting,
42,MJ48.2,10,P9-P13,V1,Pyramidal,SPN,6,-56.51206277,317.5807792,-0.474057764,20,-40.43579102,76.35498047,0.0027,9.948730469,12,1.62304922,0.219940186,RS,
43,MJ48.3,10,P9-P13,V1,Pyramidal,SPN,6,-56.1055527,203.0801059,-0.721843285,34.33333333,-39.36767578,77.20947266,0.00205,12.93945313,14,1.836148649,2.405700684,RS_Stuterring,
44,MJ48.4,10,P9-P13,V1,Pyramidal,Pyr,23,-64.15404985,585.8401782,0.118333625,12.13263785,-37.23144531,77.45361328,0.00215,9.552001953,22,1.399693721,1.119812012,RS,X
45,MJ48.5,10,P9-P13,V1,Pyramidal,Pyr,4,-78.51837553,531.3734199,0.07648153,31,-39.09301758,71.38061523,0.0019,7.537841797,8,1.665226782,1.018737793,RS,
46,MJ48.6,10,P9-P13,V1,Pyramidal,Pyr,5,-58.35013692,323.2740292,0.359021463,20,-38.33007813,68.05419922,0.0032,-0.518798828,22,1.680597015,8.127227783,RS_Ih,
47,MJ49.1,13,P9-P13,V1,Pyramidal,Pyr,4,-65.89366102,591.1598207,-1.357630052,6,-40.40527344,81.26831055,0.00315,-1.037597656,22,1.297557365,7.070037842,RS,
48,MJ49.2,13,P9-P13,V1,Pyramidal,Pyr,4,-71.95946247,510.7702256,0.065426919,10.18823529,-44.58618164,74.89013672,0.00295,4.39453125,22,1.392976589,1.842529297,RS,
49,MJ49.4,13,P9-P13,V1,Pyramidal,Pyr,4,-76.89054096,503.6181903,0.079020167,20,-45.74584961,71.74682617,0.002,11.50512695,18,1.31299435,0.434082031,RS,
50,MJ5.1,14,P14-P18,S1BF,Pyramidal,Pyr,4,-60.26796538,479.3427428,0.128933247,10,-40.92407227,65.64331055,0.00345,-3.662109375,28,1.537136067,0.616821289,RS,
51,MJ7.1,5,P5-P8,V1,Pyramidal,Pyr,4,-51.37531331,989.4319661,0.048537639,40,-31.5246582,50.84228516,0.0049,-4.119873047,4,,0.533630371,RS,
52,MJ7.2,5,P5-P8,V1,Pyramidal,Pyr,4,-49.74709473,1639.846302,0.081713217,40,-23.25439453,43.54858398,0.00425,5.889892578,6,0.00415358,0.734313965,RS,
53,MJ9.1,6,P5-P8,V1,Pyramidal,Pyr,4,-53.83680623,1383.62608,0.126660364,11.8013245,-23.92578125,50.10986328,0.0046,-0.183105469,12,0.004065041,0.901550293,RS,
54,OLL1.2,12,P9-P13,V1,Pyramidal,Pyr,4,-65.75460409,947.3304702,0.143887847,26.00943396,-32.44018555,59.75341797,0.00325,9.796142578,20,1.194497154,0.244506836,RS,
55,OLL12.1,17,P14-P18,V1,Pyramidal,Pyr,4,-64.11358022,521.4433945,0.106321211,21,-37.68920898,45.59326172,0.00345,6.561279297,36,1.362224039,6.206237793,RS,
56,OLL12.3,17,P14-P18,V1,LHX6,PV,4,-63.74276839,134.5003231,0.015862403,181.7518295,-40.89355469,70.37353516,0.00075,17.79174805,114,1.131455399,2.849212646,FS,
57,OLL12.4,17,P14-P18,V1,LHX6,SST,4,-65.31391174,256.5994209,0.107796141,26,-40.64941406,71.2890625,0.00105,11.53564453,40,1.408991228,8.379638672,NFS_ADP_Ih,
58,OLL12.5,17,P14-P18,V1,LHX6,PV,4,-71.83530402,187.1945497,0.028493395,78.10439921,-40.25268555,63.17138672,0.001,14.58740234,66,1.096192385,4.039550781,FS_Delayed,
59,OLL13.1,9,P9-P13,S1BF,Pyramidal,Pyr,4,-60.57344564,1101.785482,0.032850748,10,-36.16333008,67.35229492,0.00295,9.460449219,12,1.879885605,10.0062561,RS_Ih,
60,OLL13.2,9,P9-P13,S1BF,LHX6,PV,5,-60.85203905,234.7800527,0.039412395,15.28571429,-41.83959961,63.23242188,0.00205,17.76123047,42,1.167305236,2.292388916,FS,
61,OLL13.3,9,P9-P13,V1,LHX6,PV,4,-56.89155654,263.9187194,7.9106455,72.71524752,-39.79492188,55.63354492,0.00215,19.74487305,22,1.188679245,0.896728516,FS,
62,OLL13.4,9,P9-P13,V1,LHX6,PV,4,-61.90184036,2010.809838,0.108970525,24.16666667,-38.48266602,63.56811523,0.0018,27.83203125,52,1.041018388,2.800445557,FS,
63,OLL13.5,9,P9-P13,V1,LHX6,PV,4,-57.44705505,981.1026001,-2.359107935,24.8879668,-35.15625,56.12182617,0.00225,19.59228516,50,1.200564972,4.494812012,FS,
64,OLL13.6,9,P9-P13,V1,LHX6,PV,4,-71.82698596,778.6472388,0.156709717,32.17288802,-36.52954102,54.50439453,0.0019,24.71923828,48,1.202508961,7.848388672,FS_Ih,
65,OLL14.1,17,P14-P18,V1,Pyramidal,Pyr,5,-54.12219734,345.9720199,-0.28035802,40,-35.12573242,82.15332031,0.0022,9.338378906,22,1.370421245,6.769836426,RS,
66,OLL14.2,17,P14-P18,V1,Pyramidal,Pyr,4,-70.0027515,255.7465853,0.122236911,19.98431373,-32.13500977,77.23999023,0.00195,11.53564453,24,1.17464539,0.662719727,RS_ADP,
67,OLL14.3,17,P14-P18,V1,LHX6,PV,4,-61.24631342,194.7862939,-0.201451984,58.77777778,-41.68701172,57.86132813,0.00105,22.00317383,80,0.769432314,3.704925537,FS,
68,OLL14.4,17,P14-P18,V1,Pyramidal,Pyr,4,-69.85748416,720.0914013,-0.158981713,5,-52.06298828,88.07373047,0.0019,15.68603516,32,1.260614934,0.867614746,RS,
69,OLL15.1,13,P9-P13,V1,Pyramidal,Pyr,23,-65.7163776,704.7578439,0.234508691,15,-40.86303711,79.1015625,0.0023,10.10131836,16,1.136262337,1.340454102,RS,
70,OLL15.2,13,P9-P13,V1,Pyramidal,Pyr,4,-62.45351819,689.0819738,-2.29464271,13.59310345,-35.70556641,48.88916016,0.00385,4.852294922,34,1.39815144,2.05178833,RS,
71,OLL15.3,13,P9-P13,V1,Pyramidal,Pyr,5,-59.06611543,131.5268189,0.530611674,71,-31.70776367,84.07592773,0.0023,-2.746582031,18,2.674418605,5.196868896,Bursting_Ih,
72,OLL15.4,13,P9-P13,V1,Pyramidal,Pyr,5,-63.12172462,262.0333056,0.543021572,21,-43.64013672,79.8034668,0.0023,-1.708984375,22,1.407560849,8.111999512,RS_Ih,X
73,OLL15.5,13,P9-P13,V1,Pyramidal,Pyr,6,-61.65179736,378.883061,0.032558332,71,-42.96875,75.8972168,0.0015,10.52856445,10,1.572897762,3.004425049,RS_Ih_SingleSpike,
74,OLL15.6,13,P9-P13,V1,Pyramidal,Pyr,6,-72.71375538,406.8038604,-0.569923058,11,-25.60424805,52.85644531,0.00195,19.37866211,24,1.282186949,10.1914978,RS_Ih_Stuttering,
75,OLL15.7,13,P9-P13,V1,Pyramidal,Pyr,23,-68.76977462,338.8171085,0.040527414,16.87012987,-37.62817383,74.03564453,0.0021,11.07788086,14,1.487317073,2.787719727,RS,
76,OLL15.8,13,P9-P13,V1,Pyramidal,Pyr,4,-69.31677317,459.7209007,0.112205446,20,-35.70556641,70.22094727,0.00225,14.09912109,14,1.298108284,0.883270264,RS,
77,OLL16.1,18,P14-P18,V1,LHX6,PV,4,-72.04734152,162.6466236,0.691060662,213.6501458,-42.05322266,62.25585938,0.0007,25.93994141,98,0.292297564,1.149841309,FS,
78,OLL16.2,18,P14-P18,V2,LHX6,PV,4,-74.87376794,197.6658851,0.035682442,55.73684211,-37.109375,54.32128906,0.00125,19.95849609,48,0.877873563,2.630462646,FS,
79,OLL16.3,18,P14-P18,V1,Pyramidal,Pyr,4,-82.18158036,288.2176542,0.775725926,11.23809524,-38.17749023,75.56152344,0.0017,17.88330078,40,1.172591743,0.933258057,RS,
80,OLL16.4,18,P14-P18,V1,LHX6,PV,4,-61.83834839,574.8064631,0.236856798,10,-48.18725586,79.19311523,0.00075,23.31542969,58,1.282303371,2.621520996,FS,
81,OLL18.1,7,P5-P8,V1,Pyramidal,Pyr,4,-70.57121989,1098.165024,0.066158815,15,-30.09033203,36.31591797,0.0062,-7.141113281,8,0.002031488,1.583892822,RS,
82,OLL18.2,7,P5-P8,V1,Pyramidal,SST,4,-63.45516052,1068.076782,0.155100339,5,-43.76220703,65.36865234,0.00285,13.48876953,30,1.037614186,0.475799561,NFS,
83,OLL18.3,7,P5-P8,V1,Pyramidal,Pyr,4,-56.49389648,1217.220459,0.12392533,30,-30.9753418,47.79052734,0.0043,6.072998047,8,0.002418301,0.301605225,RS,
84,OLL18.4,7,P5-P8,V1,Pyramidal,Pyr,4,-71.73205261,939.9505615,0.156440116,15,-33.50830078,55.48095703,0.0035,5.218505859,6,0.001047538,0.42855835,RS,
85,OLL18.5,7,P5-P8,V1,Pyramidal,Pyr,23,-66.08594971,1869.599609,0.091961412,6,-38.39111328,54.90112305,0.0039,-0.427246094,12,1.332036316,1.410247803,RS,
86,OLL19.1,6,P5-P8,V1,Pyramidal,Pyr,4,-59.8362915,1505.419922,0.115589466,25,-29.20532227,41.50390625,0.00445,-0.183105469,8,0.004821894,0.222747803,RS,
87,OLL19.10,6,P5-P8,V1,Pyramidal,Pyr,5,-63.05513545,1032.359169,0.132665608,19.61403509,-28.16772461,42.63305664,0.0057,-7.751464844,8,0.001915049,0.350799561,RS,
88,OLL19.2,6,P5-P8,V1,Pyramidal,SPN,6,-51.67755432,1378.600464,0.423409957,10,-36.56005859,59.78393555,0.0045,4.669189453,24,0.692002971,0.275085449,RS,
89,OLL19.3,6,P5-P8,V1,Pyramidal,Pyr,4,-55.63203602,809.2122202,0.032074832,46,-32.83691406,37.3840332,0.00485,0.274658203,4,,0.787017822,RS,
90,OLL19.4,6,P5-P8,V1,Pyramidal,SPN,6,-53.84810181,1295.6604,0.201374791,10,-32.89794922,58.56323242,0.00355,17.21191406,22,1.102022059,1.006835938,RS,
91,OLL19.5,6,P5-P8,V1,Pyramidal,Pyr,4,-56.96854494,1723.342332,0.129203187,52.05882353,-36.74316406,41.015625,0.0022,-40.98510742,4,,0.471405029,RS,
92,OLL19.6,6,P5-P8,V1,Pyramidal,Pyr,5,-59.52463074,1074.431763,0.036377874,15,-33.78295898,66.31469727,0.0042,-2.9296875,28,1.377216312,3.358734131,RS,
93,OLL19.7,6,P5-P8,V1,Pyramidal,Pyr,23,-63.05094641,1950.012184,0.151420378,5,-20.84350586,27.80151367,0.00565,2.136230469,16,1.315175097,0.181732178,RS,
94,OLL19.8,6,P5-P8,V1,Pyramidal,Pyr,23,-44.87574223,2525.147574,0.28160889,3,-29.14428711,42.08374023,0.00545,-3.814697266,12,1.274755927,0.38470459,RS,
95,OLL19.9,6,P5-P8,V1,Pyramidal,Pyr,5,-62.78890228,1230.706714,0.117164051,6,-30.82275391,54.07714844,0.0062,-16.23535156,6,0.001249479,1.604125977,RS,
96,OLL20.1,9,P9-P13,V1,LHX6,PV,4,-76.04028193,951.4976631,0.123303551,7.367647059,-36.68212891,52.4597168,0.0026,22.82714844,36,1.153664303,4.069061279,FS,
97,OLL20.2,9,P9-P13,V1,Pyramidal,Pyr,4,-58.80099691,1076.344031,0.072319615,22.66666667,-34.66796875,51.87988281,0.0032,10.00976563,6,0.004195804,0.613372803,RS,
98,OLL20.3,9,P9-P13,V1,LHX6,PV,4,-60.33878581,943.5786207,0.140195188,13.65594855,-35.88867188,55.08422852,0.0023,18.37158203,34,1.207744875,8.62487793,FS,
99,OLL20.4,9,P9-P13,V1,Pyramidal,Pyr,4,-56.38770724,1016.700066,0.284135605,69.12087912,-34.94262695,50.10986328,0.001,-50.0793457,8,0.003784898,2.5206604,RS,
100,OLL20.5,9,P9-P13,V1,Pyramidal,Pyr,23,-40.07275798,1022.131089,0.039285717,10,-25.20751953,41.07666016,0.00375,6.744384766,6,0.002155116,0.167327881,RS,
101,OLL21.1,11,P9-P13,V1,Pyramidal,Pyr,23,-60.15201009,897.90298,0.034259348,15,-41.2902832,62.92724609,0.00235,6.561279297,22,1.281194454,1.203308105,RS,
102,OLL21.2,11,P9-P13,V1,Pyramidal,Pyr,4,-60.41197022,1004.390143,1.21352478,10,-33.72192383,56.640625,0.00305,10.00976563,18,1.161327231,0.686553955,RS,
103,OLL21.3,11,P9-P13,V1,Pyramidal,Pyr,5,-58.53630392,359.0799225,0.12059825,10,-42.17529297,70.89233398,0.0035,-5.401611328,22,1.324472961,3.797668457,RS_Ih,
104,OLL21.4,11,P9-P13,V1,Pyramidal,Pyr,6,-67.20305173,376.0580111,0.028421569,131,-35.58349609,61.2487793,0.00155,10.31494141,16,1.881500987,5.602478027,RS_Ih_SingleSpike,
105,OLL22.1,11,P9-P13,V1,LHX6,PV,4,-63.89094433,364.1744814,0.054907099,11.71982759,-37.62817383,55.26733398,0.0019,19.47021484,44,1.200978213,0.78338623,FS,
106,OLL22.2,11,P9-P13,V1,Pyramidal,Pyr,4,-57.89191155,938.6949806,0.151236468,14,-36.43798828,60.97412109,0.00225,16.02172852,16,1.252804787,0.81930542,RS,
107,OLL22.3,11,P9-P13,V1,Pyramidal,Pyr,5,-61.34917908,354.3063354,0.080156436,10,-39.67285156,82.45849609,0.00225,5.920410156,26,1.323176661,2.967010498,RS,
108,OLL23.1,8,P5-P8,V1,LHX6,PV,4,-58.442453,2404.500122,0.098313034,8.75,-38.90991211,51.72729492,0.00235,20.08056641,44,1.195729537,3.438140869,FS,
109,OLL23.2,8,P5-P8,V1,Pyramidal,Pyr,4,-55.17438965,1929.086914,0.090190379,15,-37.71972656,57.76977539,0.00305,9.338378906,10,1.253445636,0.663757324,RS,
110,OLL23.3,8,P5-P8,V1,LHX6,PV,4,-66.72185669,1918.306885,0.116482016,5,-35.64453125,43.64013672,0.00255,19.86694336,34,1.201331115,5.924530029,FS,
111,OLL23.4,8,P5-P8,V1,Pyramidal,Pyr,4,-58.11733398,1830.134277,0.490166079,15,-33.99658203,43.60961914,0.0035,9.979248047,14,1.849966056,1.03225708,RS,
112,OLL24.1,8,P5-P8,V1,LHX6,PV,4,-64.12390442,752.0062256,0.087462984,10,-45.34912109,59.47875977,0.0025,15.99121094,42,0.880769231,0.468658447,FS,
113,OLL24.2,8,P5-P8,V1,Pyramidal,Pyr,4,-58.63233439,10.71777344,0.048458347,56,-35.79711914,51.11694336,0.00325,7.690429688,2,,0.698699951,RS,
114,OLL24.3,8,P5-P8,V1,Pyramidal,Pyr,4,-53.58498535,2086.779785,0.259313133,5,-34.69848633,49.07226563,0.00375,2.014160156,14,1.251672241,0.246154785,RS,
115,OLL24.4,8,P5-P8,V1,LHX6,PV,4,-69.54755249,1789.60083,0.138379967,11,-38.02490234,47.51586914,0.0025,18.70727539,42,1.203883495,1.041137695,FS,
116,OLL25.1,18,P14-P18,V1,Pyramidal,Pyr,23,-68.909316,548.388265,0.704856909,25,-42.23632813,71.9909668,0.0025,10.13183594,18,1.230815348,0.882263184,RS,
117,OLL25.2,18,P14-P18,V1,Pyramidal,Pyr,4,-81.3925714,398.6618567,0.091012866,9.388349515,-34.63745117,74.34082031,0.002,13.24462891,32,1.439911797,1.595336914,RS,
118,OLL25.3,18,P14-P18,V1,Pyramidal,Pyr,5,-60.1643517,152.5656489,0.491594776,20,-45.53222656,88.47045898,0.00155,4.730224609,26,1.612102405,8.225219727,Bursting_Ih_ReboundBursting,X
119,OLL26.1,18,P14-P18,V1,Pyramidal,Pyr,6,-77.1841376,162.3905668,0.022966142,187.9159802,-38.51318359,52.36816406,0.0018,10.40649414,14,1.869971936,2.588378906,RS_stuterring,
120,OLL26.2,18,P14-P18,V1,Pyramidal,Pyr,4,-77.92022402,296.4653176,0.063171724,9.491262136,-38.42163086,71.0144043,0.0019,12.32910156,36,1.048376408,2.87411499,RS,
121,OLL26.3,18,P14-P18,V1,Pyramidal,Pyr,23,-85.21287825,212.6763451,0.056610596,36,-45.86791992,82.70263672,0.00205,9.552001953,16,1.724023275,0.892150879,RS,
122,OLL27.1,16,P14-P18,V1,Pyramidal,Pyr,5,-58.70006248,213.5040354,0.093619431,21,-32.59277344,83.40454102,0.0016,8.056640625,30,1.251189343,9.557525635,RS_Ih,X
123,OLL27.5,16,P14-P18,V1,Pyramidal,Pyr,23,-69.09794724,287.3616197,0.503282998,15,-31.92138672,77.20947266,0.00165,10.28442383,18,1.64995958,3.818786621,RS,
124,OLL27.6,16,P14-P18,V1,Pyramidal,Pyr,4,-75.17294084,417.2766567,0.440284834,6.381981982,-40.55786133,61.18774414,0.0019,12.54272461,14,1.552686671,5.496398926,RS,
125,OLL28.1,7,P5-P8,V1,Pyramidal,Pyr,6,-57.82446289,1551.486816,0.164854707,10,-31.43310547,56.27441406,0.00395,0.335693359,22,1.329196604,0.455383301,RS,
126,OLL28.2,7,P5-P8,V1,Pyramidal,Pyr,6,-61.00310974,1513.425293,-0.732054029,33.72727273,-23.55957031,37.75024414,0.00275,18.79882813,24,0.405330564,3.716522217,RS_Stuterring,
127,OLL28.3,7,P5-P8,V1,Pyramidal,Pyr,5,-64.52099708,395.5821536,0.050419397,6.167741935,-35.24780273,71.59423828,0.0049,-15.13671875,24,1.311631061,5.013641357,RS_Ih,
128,OLL28.4,7,P5-P8,V1,Pyramidal,Pyr,4,-62.0334727,937.0325724,0.092508157,9.487012987,-33.63037109,55.72509766,0.0026,9.704589844,24,1.203442879,1.19140625,RS,
129,OLL28.5,7,P5-P8,V1,Pyramidal,Pyr,6,-55.73278605,887.7982585,0.050703654,5.812121212,-29.35791016,54.38232422,0.00295,6.134033203,28,1.275043428,8.188201904,RS_Ih,
130,OLL28.6,7,P5-P8,V1,Pyramidal,Pyr,6,-58.96584676,760.9359834,0.078565913,36,-28.83911133,52.91748047,0.00215,13.3972168,34,0.879130828,3.905700684,RS_Ih_Stuttering,
131,OLL28.7,7,P5-P8,V1,Pyramidal,Pyr,4,-66.97735954,838.4697768,0.073451832,10,-35.76660156,62.2253418,0.00255,7.659912109,34,1.19733751,3.88293457,RS,
132,OLL28.8,7,P5-P8,V1,Pyramidal,SPN,6,-60.83438416,660.2993774,0.077229381,7,-36.16333008,63.90380859,0.0022,10.43701172,28,1.020308692,2.394226074,RS,
133,OLL29.1,11,P9-P13,V1,Pyramidal,Pyr,5,-68.18127648,312.6485043,0.044278292,10,-43.64013672,76.11083984,0.00275,2.960205078,46,1.27264239,6.970550537,RS_Ih,
134,OLL29.2,11,P9-P13,V1,Pyramidal,Pyr,4,-72.2028584,687.5357075,0.264836556,10,-36.92626953,66.71142578,0.0026,5.798339844,42,1.549773756,0.546142578,RS,
135,OLL29.3,11,P9-P13,V1,Pyramidal,FS,6,-62.43748474,391.8032837,0.044763697,29.57142857,-37.17041016,49.19433594,0.0015,20.47729492,62,1.08041958,2.617004395,FS,
136,OLL29.4,11,P9-P13,V1,Pyramidal,Pyr,6,-67.07810139,722.0844735,0.074703032,9.491262136,-28.19824219,65.30761719,0.0018,19.31762695,38,1.321818182,6.766387939,RS_Ih_ReboundBurst,X
137,OLL29.5,11,P9-P13,V1,Pyramidal,Pyr,6,-64.74090474,609.1447957,0.038494513,20.65543071,-27.83203125,57.52563477,0.00395,-2.624511719,26,1.117468354,0.333679199,RS,
138,OLL29.6,11,P9-P13,V1,Pyramidal,Pyr,6,-59.36669861,525.7616754,0.033199867,15.42857143,-41.56494141,64.91088867,0.00155,17.18139648,34,1.173228346,1.355834961,RS_Ih_ReboundBurst,
139,OLL29.7,11,P9-P13,V1,Pyramidal,Pyr,6,-65.45978051,608.6024196,0.03013184,27.01694915,-31.40258789,50.53710938,0.0016,15.65551758,32,0.666441365,5.699676514,RS_Stuttering_Ih_ReboundBurst,
140,OLL29.8,11,P9-P13,V1,Pyramidal,Pyr,4,-64.8463061,391.0529798,1.953832664,16,-37.44506836,58.10546875,0.00275,6.683349609,38,1.40981857,1.961242676,RS,
141,OLL30.1,15,P14-P18,V1,Pyramidal,Pyr,23,-74.06845412,281.1296287,0.0761684,14.62711864,-40.77148438,78.64379883,0.00235,4.241943359,32,2.012170385,2.235412598,RS_Ih,
142,OLL30.2,15,P14-P18,V1,Pyramidal,Pyr,4,-68.58036773,391.3489046,0.107789747,10,-42.57202148,66.80297852,0.00225,4.8828125,38,1.223076923,0.42678833,RS,X
143,OLL30.3,15,P14-P18,V1,Pyramidal,Pyr,6,-70.81919157,509.7373238,0.066972831,5.982702703,-33.29467773,72.17407227,0.0018,19.28710938,34,1.298488665,17.59671021,RS_Ih,
144,OLL31.1,16,P14-P18,V1,Pyramidal,Pyr,5,-67.91577749,188.4108003,-0.648457494,10,-45.34912109,88.47045898,0.0015,0.152587891,32,1.314863676,11.73114014,RS_Ih_ReboundBursting,X
145,OLL31.2,16,P14-P18,V1,Pyramidal,Pyr,4,-66.96548134,348.3675442,0.043688788,20,-37.87231445,67.81005859,0.00155,8.941650391,52,1.391486392,1.736785889,RS,
146,OLL31.3,16,P14-P18,V1,Pyramidal,Pyr,6,-65.84399516,403.0187475,-1.206459382,16.53497942,-36.68212891,57.09838867,0.0018,11.10839844,52,1.200902935,3.574005127,RS_Ih,
147,OLL31.4,16,P14-P18,V1,Pyramidal,Pyr,6,-70.54921777,305.2964422,0.035197806,40,-37.13989258,46.14257813,0.00175,6.866455078,24,1.263607257,0.870117188,RS_Bursting,X
148,OLL31.5,16,P14-P18,V1,Pyramidal,Pyr,6,-69.84447047,288.0729326,0.045258049,17.15384615,-38.72680664,51.51367188,0.0022,-0.793457031,40,7.902542373,0.888977051,Bursting,X
149,OLL31.6,16,P14-P18,V1,Pyramidal,Pyr,4,-70.08560989,307.4150968,0.088226354,9.333333333,-37.41455078,65.30761719,0.00165,5.859375,42,1.230110159,1.804595947,RS,
150,OLL5.1,17,P14-P18,V1,Pyramidal,Pyr,4,-73.65888595,282.0889179,0.036770509,50,-42.29736328,86.6394043,0.00265,6.195068359,28,2.110932476,1.198730469,RS_ADP,
151,OLL5.2,17,P14-P18,V1,Pyramidal,Pyr,4,-71.7982612,350.2757939,0.056233433,20,-42.63305664,81.97021484,0.0025,8.117675781,30,1.429414078,0.363891602,RS,
152,OLL6.1,17,P14-P18,V1,Pyramidal,Pyr,4,-78.4779631,305.300983,0.161813525,19.98431373,-29.47998047,57.28149414,0.0024,12.45117188,18,1.331950207,5.623504639,RS,
153,OLL6.2,17,P14-P18,V1,Pyramidal,Pyr,23,-73.03448759,260.8713442,0.172824448,27,-37.04833984,67.47436523,0.0024,9.155273438,26,1.474879227,0.94442749,RS,X
154,OLL6.3,17,P14-P18,V1,Pyramidal,Pyr,5,-61.86206207,120.9617271,-0.524431589,20,-40.98510742,86.42578125,0.00165,1.312255859,32,7.279279279,13.38604736,RS_Ih,
155,OLL7.1,17,P14-P18,S1BF,Pyramidal,Pyr,4,-69.825744,347.3212278,0.046996553,30,-31.09741211,66.28417969,0.0021,10.55908203,28,1.642929293,3.652984619,RS_Ih,
156,SA103.1,17,P14-P18,S1BF,Pyramidal,Pyr,4,-76.53515271,375.7830733,0.045288718,40,-36.65161133,68.42041016,0.00205,7.720947266,38,1.347179878,4.050384521,RS_Ih,
157,SA103.2,17,P14-P18,S1BF,LHX6,PV,4,-61.35131928,62.44304273,0.450241138,189.5,-46.38671875,75.59204102,0.0006,21.7590332,100,1.271341463,1.234191895,FS,
158,SA103.3,17,P14-P18,S1BF,LHX6,PV,4,-55.08194552,89.66927882,0.774107311,155.8461538,-44.25048828,62.86621094,0.0006,17.27294922,124,1.327402135,0.430877686,FS,
159,SA103.4,17,P14-P18,S1BF,Pyramidal,Pyr,4,-80.08539284,299.0982491,0.047204671,30,-41.38183594,72.08251953,0.00185,6.195068359,30,2.457186544,3.592987061,RS_Ih_Bursting,
160,SA103.5,17,P14-P18,S1BF,LHX6,PV,4,-65.40015109,61.65148938,-6.548000799,357.3333333,-65.55175781,87.95166016,0.0008,-13.51928711,78,0.9856,3.007080078,FS_Ih,
161,SA107.1,17,P14-P18,V1,Pyramidal,Pyr,4,-75.61685128,294.6928379,0.047232348,30,-41.38183594,65.33813477,0.00205,6.042480469,36,1.339510749,1.766876221,RS,X
162,SA107.2,17,P14-P18,V1,Pyramidal,Pyr,4,-73.47588909,349.953962,0.188032399,20,-38.02490234,62.2253418,0.00215,6.469726563,38,1.634634635,0.852020264,RS,
163,SA107.3,17,P14-P18,V1,LHX6;SSTCre,SST,4,-61.67116265,229.1749018,0.019894267,35.61538462,-42.14477539,58.83789063,0.00125,7.080078125,76,1.285198556,3.943786621,NFS_ADP_Adapting,
164,SA107.4,17,P14-P18,V1,LHX6,PV,5,-71.03921543,198.9583691,0.022160535,46.2173913,-36.62109375,68.20678711,0.0008,23.07128906,70,1.126865672,2.369628906,FS_ADP,
165,SA108.1,18,P14-P18,S1BF,LHX6,PV,4,-74.60693453,159.7095671,0.023597709,140.2857143,-36.16333008,63.41552734,0.00065,13.30566406,90,2.658064516,0.696258545,FS,
166,SA109.1,18,P14-P18,S1BF,SSTCre,SST,4,-70.40551614,107.1445912,0.217005444,209.8893281,-37.99438477,57.92236328,0.0009,8.575439453,110,2.390196078,2.702941895,NFS_ADP_Ih,
167,SA109.2,18,P14-P18,S1BF,SSTCre,SST,4,-67.27014324,110.030245,0.013249405,104.8461538,-45.37963867,77.72827148,0.00075,8.270263672,116,1.961904762,5.893218994,NFS_ADP_Ih,
168,SA109.3,18,P14-P18,S1BF,SSTCre,SST,5,-64.70364029,338.7629745,-0.557530875,10,-43.21289063,46.1730957,0.0014,9.521484375,76,1.179347826,12.76660156,NFS_Ih_ADP_ReboundBurst,
169,SA109.4,18,P14-P18,S1BF,SSTCre,SST,4,-65.70296422,153.6207031,0.014034696,67.66666667,-40.7409668,58.44116211,0.00095,10.80322266,92,1.312242091,9.971313477,NFS_ADP_Ih,
170,SA111.1,6,P5-P8,S1BF,Pyramidal,Pyr,4,-78.28498535,-147.6379395,0.064624472,15,-32.74536133,68.29833984,0.003,2.014160156,20,1.639344262,9.9559021,RS,
171,SA111.2,6,P5-P8,S1BF,Pyramidal,Pyr,4,-57.67562561,1134.989014,0.090455282,12.05882353,-30.73120117,50.93383789,0.0034,1.403808594,26,1.44701087,0.552978516,RS,
172,SA111.3,6,P5-P8,S1BF,Pyramidal,Pyr,4,-56.83806973,874.4018308,0.070271165,13.22222222,-29.20532227,57.15942383,0.00365,-0.610351563,14,1.292613636,7.899200439,RS_Ih,
173,SA111.4,6,P5-P8,S1BF,Pyramidal,Pyr,4,-62.16998847,809.51244,0.068526175,9.490909091,-30.85327148,54.80957031,0.0029,5.218505859,24,1.227091633,6.8175354,RS_Ih,
174,SA120.1,7,P5-P8,S1BF,SSTCre,SST,4,-51.34711795,1057.158361,0.061522688,10,-41.7175293,72.23510742,0.0026,9.429931641,56,1.161680912,4.260742188,NFS,
175,SA120.2,7,P5-P8,S1BF,SSTCre,SST,4,-59.65542678,521.014974,0.039112835,35,-41.10717773,57.15942383,0.00235,14.6484375,32,1.162844037,0.403137207,NFS,
176,SA120.3,7,P5-P8,S1BF,Pyramidal,Pyr,4,-58.28863882,671.9915233,0.090549584,33.29906542,-31.86035156,57.52563477,0.003,3.997802734,16,1.198179272,4.645629883,RS_Ih,
177,SA121.1,7,P5-P8,S1BF,Pyramidal,Pyr,4,-58.34817713,828.5906493,0.06332881,15,-31.00585938,69.09179688,0.0028,7.080078125,12,2.245428296,6.658905029,RS_Ih,
178,SA122.1,8,P5-P8,S1BF,SSTCre,FS,4,-71.60286008,220.736262,0.090387004,141,-32.44018555,64.94140625,0.00155,19.37866211,34,1.380319149,10.98638916,FS_Ih_stuttering,
179,SA122.2,8,P5-P8,S1BF,SSTCre,SST,4,-56.80186093,531.9030979,0.035159913,12.30769231,-43.15185547,69.09179688,0.0022,7.934570313,50,1.336829837,0.808135986,NFS,
180,SA122.3,8,P5-P8,S1BF,SSTCre,SST,4,-56.36774567,845.230777,0.088833218,14.33333333,-29.0222168,44.12841797,0.00305,8.392333984,34,1.459051724,4.626861572,RS,
181,SA122.4,8,P5-P8,S1BF,Pyramidal,Pyr,4,-61.26363279,810.498978,1.361800592,15,-32.04345703,60.76049805,0.0025,9.918212891,24,1.62107438,4.79083252,RS,
182,SA123.1,8,P5-P8,S1BF,SSTCre,SST,4,-58.3369161,514.8606549,0.221506406,30,-40.34423828,71.83837891,0.0019,15.31982422,42,1.170454545,3.635009766,FS,
183,SA123.2,8,P5-P8,S1BF,Pyramidal,Pyr,4,-58.92546173,938.990676,0.068534754,5.454545455,-34.51538086,66.16210938,0.0028,4.455566406,26,1.552878179,7.751647949,RS_Ih,
184,SA129.1,6,P5-P8,V1,SSTCre,SST,5,-63.64443351,1128.353619,0.095169033,10,-39.21508789,60.97412109,0.0037,9.246826172,36,1.044595616,0.839599609,NFS,
185,SA129.2,6,P5-P8,V1,SSTCre,SST,4,-53.63320516,1204.622729,0.048427804,10,-36.98730469,47.18017578,0.00535,3.326416016,16,1.152991453,2.40322876,NFS,
186,SA129.3,6,P5-P8,V1,Pyramidal,Pyr,4,-61.25760193,1600.452271,0.227233995,6.666666667,-24.96337891,54.22973633,0.0048,-3.173828125,6,0.780834821,0.424560547,RS,
187,SA130.1,6,P5-P8,S1BF,LHX6,PV,23,-63.82761841,299.6862793,-1.507927094,44.33333333,-37.93334961,44.67773438,0.00325,8.544921875,6,0.006702818,2.365203857,Shit,
188,SA130.2,6,P5-P8,S1BF,LHX6,SST,4,-60.02945557,449.977417,-0.510143501,23.78947368,-31.61621094,48.37036133,0.0064,-11.71875,8,195.5050167,11.88745117,DiscardBadCell,
189,SA130.3,6,P5-P8,S1BF,LHX6,PV,4,-67.8052948,1207.082214,0.082045006,24.91623037,-31.70776367,50.65917969,0.00215,21.484375,48,1.164733179,10.46478271,FS_Ih,
190,SA130.4,6,P5-P8,S1BF,LHX6,PV,4,-69.95330811,1188.330688,0.116344762,20.18823529,-29.41894531,51.84936523,0.002,20.62988281,52,1.196759259,8.371795654,FS_Ih,
191,SA130.5,6,P5-P8,S1BF,LHX6,PV,5,-74.64309082,1525.792236,0.104691004,14.24190065,-34.11865234,58.99047852,0.002,17.51708984,54,1.220338983,0.451690674,FS,
192,SA131.1,12,P9-P13,V1,LHX6,SST,4,-67.62964681,860.0349935,0.05236955,5,-44.2199707,72.81494141,0.00265,13.82446289,36,1.062320917,1.091827393,NFS_ADP,
193,SA131.2,12,P9-P13,S1BF,Pyramidal,Pyr,4,-66.54544889,413.716228,0.048219981,19.69126214,-34.24072266,78.03344727,0.00195,9.582519531,24,1.259744409,6.166778564,RS,
194,SA131.3,12,P9-P13,S1BF,LHX6,SST,4,-61.39969963,262.7934124,0.02003836,14.33980583,-43.88427734,90.24047852,0.0014,11.38305664,40,1.351081531,3.118743896,NFS_ADP,
195,SA131.4,12,P9-P13,S1BF,LHX6,PV,4,-61.69788308,114.5583704,-0.384284423,124.8415128,-31.86035156,64.97192383,0.0011,20.53833008,60,1.266441821,10.19033813,FS_Ih,
196,SA132.2,8,P5-P8,V1,Pyramidal,Pyr,4,-65.75460409,947.3304702,0.143887847,26.00943396,-32.44018555,59.75341797,0.00325,9.796142578,20,1.194497154,0.244506836,RS,
197,SA133.1,17,P14-P18,S1BF,LHX6,SST,5,-59.70030921,194.4578658,0.096340712,31.50551876,-47.24121094,78.09448242,0.0012,12.93945313,46,3.04622871,3.936767578,FS,
198,SA133.2,17,P14-P18,S1BF,LHX6,PV,4,-66.90387113,167.3414347,0.07108587,146.1176471,-65.97900391,90.78979492,0.0015,-15.01464844,70,1.013398295,2.557952881,FS_Ih,
199,SA133.3,17,P14-P18,S1BF,LHX6,PV,4,-64.66235993,88.5606389,0.195454471,281,-62.34741211,85.14404297,0.00185,-20.44677734,38,1.120879121,4.452636719,FS_Ih,
200,SA133.5,17,P14-P18,S1BF,Pyramidal,Pyr,4,-78.04713983,207.9811218,0.050379523,37,-29.54101563,64.66674805,0.00245,4.730224609,16,3.7784522,1.52734375,FS_SingleSpike_Bad,
201,SA134.1,7,P5-P8,S1BF,SSTCre,SST,5,-55.26152344,910.2598988,0.099710379,6.666666667,-39.39819336,69.70214844,0.0032,14.83154297,28,1.10035524,0.602050781,NFS,
202,SA134.2,7,P5-P8,S1BF,SSTCre,SST,5,-65.92716471,636.7400198,0.083717716,10,-49.65209961,80.23071289,0.0025,9.857177734,38,1.184775537,3.676300049,NFS_Ih,
203,SA134.3,7,P5-P8,S1BF,SSTCre,SST,23,-64.51005859,989.1762473,1.943693732,26.94405594,-34.24072266,54.74853516,0.003,19.68383789,36,1.184938036,1.865753174,FS,
204,SA134.4,7,P5-P8,S1BF,SSTCre,SST,4,-61.08599447,842.2723204,0.111534912,6.924050633,-35.09521484,63.44604492,0.0033,7.659912109,8,1.493523316,3.388702393,RS,
205,SA134.5,7,P5-P8,S1BF,SSTCre,SST,4,-68.41361694,897.0050604,0.120123817,9,-39.94750977,66.19262695,0.00295,15.16723633,48,1.093533487,5.755554199,FS,
206,SA134.6,7,P5-P8,V1,SSTCre,SST,4,-68.40414429,1301.255105,0.115032608,10,-44.43359375,55.87768555,0.00405,6.713867188,22,1.15625,1.678192139,NFS,
207,SA134.7,7,P5-P8,V1,SSTCre,SST,4,-72.63884074,1091.32487,0.118447433,6,-45.59326172,74.79858398,0.0026,13.12255859,38,1.045013582,0.612792969,NFS,
208,SA134.8,7,P5-P8,V1,LHX6,PV,4,-68.1692098,1725.660548,0.060810014,7.857142857,-32.65380859,54.50439453,0.00295,18.34106445,26,1.385496183,2.761169434,FS,
209,SA134.9,7,P5-P8,V1,Pyramidal,Pyr,4,-63.48648478,1176.174279,0.042140241,30,-33.35571289,57.67822266,0.0041,0.48828125,6,0.002030457,2.168487549,RS,
210,SA149.3,8,P5-P8,V1,SSTCre,SST,5,-62.51044922,1326.762695,0.172283925,5,-44.03686523,49.04174805,0.00225,13.09204102,38,1.020449898,0.297973633,NFS,
211,SA150.2,8,P5-P8,V1,SSTCre,SST,6,-66.86560304,679.6281391,0.109831077,10,-39.97802734,52.85644531,0.00205,26.12304688,36,1.049866429,17.66174316,NFS_Ih_IT,
212,SA151.1,7,P5-P8,V1,SSTCre,SST,6,-57.29213257,1515.773926,0.12993706,5,-39.79492188,58.71582031,0.00235,13.9465332,50,0.928888889,0.387573242,NFS,
213,SA151.2,7,P5-P8,V1,SSTCre,SST,6,-64.18816787,1339.711604,0.114607635,5,-39.30664063,52.18505859,0.00205,18.95141602,42,1.023765144,0.278167725,NFS,
214,SA151.3,7,P5-P8,V1,SSTCre,SST,5,-63.38752419,626.0513679,1.033372313,16.11485871,-43.45703125,73.66943359,0.00205,10.22338867,42,1.07444668,0.831329346,NFS,
215,SA152.1,7,P5-P8,V1,SSTCre,SST,5,-59.04917297,918.7213135,-1.783814198,10,-42.05322266,72.72338867,0.00195,11.35253906,36,0.9378188,0.729522705,NFS,
216,SA152.2,7,P5-P8,V1,SSTCre,SST,42,-65.27854919,790.0418091,0.142149364,10,-34.97314453,60.69946289,0.00455,-3.295898438,38,1.282726046,5.954650879,NFS_Ih,
217,SA153.1,15,P14-P18,V1,SSTCre,SST,6,-66.39450393,330.2280013,0.040188461,24.48136143,-43.39599609,78.21655273,0.00175,13.88549805,42,1.092581239,0.301269531,NFS_ADP,
218,SA153.2,15,P14-P18,V1,Pyramidal,Pyr,5,-75.91757794,259.4680129,0.080184039,30,-40.40527344,67.26074219,0.00335,-3.601074219,26,3.561151079,1.324768066,Bursting,
219,SA153.3,15,P14-P18,V1,SSTCre,SST,5,-71.39457458,376.9399008,0.081163183,9.588235294,-42.57202148,81.93969727,0.00125,20.20263672,60,0.997217069,1.067718506,NFS_ADP,X
220,SA154.1,15,P14-P18,V1,SSTCre,SST,5,-62.83976818,403.1504937,0.088794215,16.86136784,-46.84448242,87.98217773,0.00155,4.455566406,40,1.258252427,0.335998535,NFS_ADP,
221,SA154.2,15,P14-P18,V1,SSTCre,SST,5,-67.93165372,381.5431848,0.080697597,20,-42.44995117,83.03833008,0.00125,16.44897461,60,1.159196291,1.718475342,NFS_ADP,
222,SA155.1,15,P14-P18,V1,SSTCre,SST,5,-66.48032013,308.9676703,0.071904056,20.08,-42.05322266,83.2824707,0.0018,13.15307617,42,1.123595506,4.956970215,NFS_ADP_Ih,
223,SA155.2,15,P14-P18,V1,SSTCre,SST,6,-68.95634874,366.0789143,0.047238857,22.22654867,-42.11425781,72.84545898,0.0018,7.965087891,48,1.307855626,3.745117188,NFS_ADP_Ih,
224,SA156.1,15,P14-P18,V1,SSTCre,SST,6,-70.47488005,387.2233278,0.029015146,17.201726,-44.15893555,63.23242188,0.00205,11.87133789,44,1.258345428,5.141601563,NFS_Ih,
225,SA157.1,8,P5-P8,V1,SSTCre,SST,6,-61.6197517,2144.596403,0.137645399,6,-37.99438477,64.66674805,0.0042,7.385253906,36,1.021459227,1.837310791,NFS,
226,SA157.2,8,P5-P8,V1,SSTCre,SST,6,-62.02821248,719.0374571,0.081962263,5,-44.58618164,73.18115234,0.00265,6.652832031,34,1.05125149,0.692169189,NFS_ReboundBurst,X
227,SA158.1,8,P5-P8,V1,SSTCre,SST,6,-67.41019803,939.7178529,0.070286784,6,-45.74584961,58.34960938,0.00375,6.683349609,26,1.122128852,1.141601563,NFS,
228,SA158.2,8,P5-P8,V1,SSTCre,SST,6,-61.73953044,1170.769783,0.087836976,10,-39.64233398,67.96264648,0.00265,7.904052734,32,1.384101536,2.121368408,NFS_ADP_Bursting,
229,SA158.3,8,P5-P8,V1,SSTCre,SST,6,-68.60380641,508.0478101,0.604074558,5.555555556,-42.48046875,59.78393555,0.00315,5.340576172,28,1.061460957,4.620941162,NFS,
230,SA159.1,18,P14-P18,V1,SSTCre,SST,5,-63.3830915,174.8738043,0.064466894,27.66666667,-43.76220703,78.33862305,0.0011,12.51220703,42,1.179450072,4.05670166,NFS_Ih_ADP_Adapting,
231,SA159.2,18,P14-P18,V1,SSTCre,FS,5,-68.60630676,136.416381,0.03289514,134.483871,-68.29833984,85.57128906,0.00095,-11.35253906,108,1.052401747,0.728515625,FS,
232,SA159.3,18,P14-P18,V1,SSTCre,SST,5,-60.00189057,379.9524998,0.564643578,8.358015816,-41.90063477,65.79589844,0.001,10.92529297,66,0.992638037,6.763153076,NFS_ADP_ReboundBurst,
233,SA159.4,18,P14-P18,V1,SSTCre,SST,42,-69.38067901,182.214635,0.020897787,25.57425743,-40.83251953,57.73925781,0.0011,4.302978516,50,0.906766917,0.620849609,NFS_ADP,
234,SA160.1,18,P14-P18,V1,SSTCre,SST,5,-66.31020314,363.110817,0.153647739,7.409326425,-45.28808594,69.42749023,0.00135,9.002685547,66,1.298056156,1.340423584,NFS,
235,SA160.2,18,P14-P18,V1,SSTCre,SST,5,-62.79907244,410.6457975,0.037022688,14.69019608,-37.90283203,66.58935547,0.0012,13.27514648,50,1.247719298,5.333892822,NFS_IT_ReboundBurst,X
236,SA83.1,11,P9-P13,V1,LHX6,PV,4,-62.15440185,215.8016715,-0.420347193,61.66666667,-37.65869141,56.27441406,0.00165,18.00537109,56,1.286368843,1.291900635,FS,
237,SA83.2,11,P9-P13,V1,LHX6,PV,4,-59.84752139,252.8401213,-0.912208277,82,-32.40966797,52.18505859,0.0016,20.35522461,48,1.086223984,1.679534912,FS,
238,SA83.3,11,P9-P13,V1,LHX6;SSTCre,SST,4,-60.09215646,391.3323672,0.0611728,31.66666667,-39.55078125,57.3425293,0.002,6.286621094,42,1.143902439,2.706420898,NFS,
239,SA83.4,11,P9-P13,V1,LHX6,PV,4,-56.84031194,254.3210137,-0.435527063,41.66666667,-30.02929688,48.67553711,0.00155,19.89746094,58,1.174746336,0.465362549,FS,
240,SA84.1,11,P9-P13,V1,SSTCre,SST,4,-55.01798299,253.0753211,0.018970008,72.66666667,-31.03637695,55.51147461,0.00215,8.117675781,16,1.791666667,0.16619873,NFS,
241,SA85.1,13,P14-P18,V1,SSTCre,SST,4,-59.65781859,126.7916517,1.163699612,23.94117647,-48.18725586,60.66894531,0.00155,9.399414063,34,2.921686747,0.888580322,NFS,
242,SA85.2,13,P14-P18,V1,SSTCre,SST,4,-60.64702399,276.6884808,0.195500871,14.57692308,-41.19873047,69.27490234,0.00155,7.32421875,40,1.90080429,4.812316895,NFS_ADP,
243,SA85.3,13,P14-P18,V1,SSTCre,SST,4,-63.36268829,215.9362052,-3.251028206,48.5,-41.80908203,53.77197266,0.00145,7.720947266,54,1.089858793,0.373657227,NFS_ADP,
244,SA86.1,13,P14-P18,V1,SSTCre,SST,4,-55.31409511,360.5646674,0.18449032,22.89130435,-38.69628906,59.63134766,0.00135,9.338378906,32,1.05164557,0.362976074,NFS_ADP_Ih,X
245,SA86.2,13,P14-P18,V1,SSTCre,SST,4,-67.38292191,170.4841345,0.053925365,67.66666667,-43.70117188,54.26025391,0.0015,6.896972656,20,1.731743666,0.717254639,NFS_ADP_Adapting,
246,SA87.1,16,P14-P18,V1,Pyramidal,FS,4,-61.00129349,134.8415002,1.258699515,131.6436962,-32.53173828,62.83569336,0.00065,25.72631836,74,0.923512748,2.918762207,FS,
247,SA88.1,16,P14-P18,V1,LHX6,PV,4,-67.69874559,164.6506287,0.322727048,140.509048,-31.64672852,61.64550781,0.0009,22.94921875,68,0.44245142,3.241241455,FS_Ih,
248,SA88.2,16,P14-P18,V1,LHX6,PV,4,-71.76059343,120.4841327,0.749619107,243,-33.02001953,60.02807617,0.00085,21.54541016,70,0.863609641,0.983428955,FS_SlightlyStuttering,
249,SA88.3,16,P14-P18,S1BF,LHX6,PV,4,-62.01021711,80.43824049,0.109589523,225.87,-65.12451172,88.53149414,0.00075,-11.74926758,112,0.857388316,1.837219238,FS,
250,SA88.4,16,P14-P18,S1BF,Pyramidal,Pyr,4,-62.97734639,364.3683212,0.039135849,40,-35.21728516,59.63134766,0.00205,11.9934082,16,1.242086144,3.948577881,RS_Ih,
251,SA89.1,16,P14-P18,V1,LHX6,PV,4,-71.74154555,143.3113527,0.196492027,127.9713818,-33.93554688,58.22753906,0.001,24.65820313,66,1.087591241,1.39175415,FS,
252,SA89.2,16,P14-P18,V1,LHX6,PV,4,-57.34984746,125.4863138,0.546134408,65.62686567,-35.09521484,49.49951172,0.00105,20.62988281,76,0.955252918,1.43963623,FS,
253,SA90.1,8,P5-P8,V1,SSTCre,SST,4,-69.04492441,688.5284792,0.108415576,10,-42.57202148,66.55883789,0.00205,15.99121094,60,1.032427695,8.747253418,NFS,
254,SA90.2,8,P5-P8,V1,Pyramidal,Pyr,5,-63.14485469,1047.956617,0.081977886,20,-36.10229492,58.80737305,0.00375,-0.793457031,20,0.731211656,6.244537354,RS_Ih,
255,SA91.1,8,P5-P8,V1,LHX6,SST,4,-68.18045963,711.4263468,0.062833935,5.789473684,-33.69140625,54.74853516,0.00255,17.91381836,42,1.304545455,7.124084473,NFS_Ih,
256,SA91.2,8,P5-P8,V1,LHX6,PV,4,-59.39516469,619.5952411,0.145446189,19.16666667,-32.19604492,49.95727539,0.00295,15.86914063,34,1.236686391,1.667144775,FS,
257,SA91.3,8,P5-P8,V1,LHX6;SSTCre,SST,4,-74.27069704,307.8808121,0.056490512,45,-38.0859375,64.11743164,0.00195,11.38305664,70,1.409956076,11.68612671,NFS,
258,SA92.1,9,P9-P13,V1,SSTCre,SST,4,-60.33113403,809.4173917,0.185733126,8.245901639,-37.50610352,73.27270508,0.002,9.216308594,50,2.287640449,0.552001953,NFS_ADP_ReboundBurst,
259,SA92.3,9,P9-P13,S1BF,Pyramidal,Pyr,4,-61.8427982,592.5440282,0.041874658,13,-36.37695313,71.16699219,0.003,0.793457031,12,1.228676086,3.476287842,RS_Ih,
260,SA92.4,9,P9-P13,S1BF,SSTCre,SST,4,-63.75790812,505.8248254,0.254959436,18.11864407,-35.61401367,54.84008789,0.0024,6.988525391,38,1.333165323,4.603363037,RS,
261,SA94.1,9,P9-P13,V1,LHX6,PV,4,-60.77668398,198.9617034,1.481030826,21,-33.11157227,57.09838867,0.0016,23.01025391,48,1.278797997,5.365661621,FS_Ih,
262,SA94.2,9,P9-P13,S1BF,LHX6,PV,4,-65.91984758,179.6041994,0.06171813,97.07540984,-31.82983398,60.69946289,0.00115,20.53833008,28,1.451005025,7.647827148,FS_veryAdapting???_Ih,
263,SA94.3,9,P9-P13,S1BF,LHX6,PV,4,-73.69620432,202.3971307,0.046457743,81,-34.21020508,64.81933594,0.00135,21.14868164,60,1.408684547,5.740020752,FS_Ih,
264,SA94.4,9,P9-P13,S1BF,LHX6,PV,4,-61.46897378,45.73177046,-1.357602022,246.3333333,-26.00097656,50.47607422,0.00105,20.08056641,34,1.415992812,1.320068359,FS_veryAdapting???_Ih,
265,SA94.5,9,P9-P13,S1BF,SSTCre,SST,4,-65.84013551,154.961148,0.014713607,103.3636364,-39.39819336,66.86401367,0.0013,14.49584961,70,1.28458498,1.429962158,FS??,
266,SA94.6,9,P9-P13,S1BF,SSTCre,SST,4,-69.43986748,213.7939012,0.031494721,85.54545455,-31.76879883,52.33764648,0.00145,17.51708984,70,1.469144981,5.785552979,FS??,
267,SA94.7,9,P9-P13,S1BF,Pyramidal,Pyr,4,-69.94133301,883.5148112,0.053170531,10,-33.02001953,57.73925781,0.00255,7.843017578,38,1.607123583,13.08596802,RS_Ih,
268,SA96.1,10,P9-P13,V1,LHX6;SSTCre,SST,4,-64.67770963,232.5526759,0.028888118,74.84615385,-35.4309082,55.29785156,0.00215,9.704589844,70,1.228228228,0.253845215,NFS,
269,SA96.2,10,P9-P13,V1,LHX6,PV,4,-64.52095852,370.7862312,0.078277895,59.75,-32.80639648,52.94799805,0.0017,16.99829102,66,1.428882834,4.228485107,FS_Ih,
270,SA96.3,10,P9-P13,S1BF,LHX6,PV,4,-67.5276639,307.7261212,0.442085465,15.70254111,-33.78295898,48.61450195,0.0014,16.23535156,68,1.165732586,6.224304199,FS_Ih,
271,SA96.4,10,P9-P13,S1BF,LHX6,PV,4,-64.59998096,119.9090843,-6.649207639,167.4187935,-26.42822266,57.28149414,0.00125,17.8527832,64,1.618336887,4.390045166,FS_Ih,
272,SA96.5,10,P9-P13,S1BF,LHX6,PV,5,-61.74838693,227.8337204,0.036504886,61.79026956,-33.53881836,44.2199707,0.00135,12.54272461,94,1.258064516,5.955322266,FS_Ih,
273,SA99.1,15,P14-P18,S1BF,Pyramidal,Pyr,4,-80.55350009,241.4149601,0.050627652,23.00558659,-31.28051758,62.86621094,0.0019,8.148193359,30,1.987573578,3.938476563,RS_Ih,
274,SA99.2,15,P14-P18,S1BF,Pyramidal,Pyr,4,-75.82401673,352.6338645,0.046221939,21.45557351,-35.79711914,44.18945313,0.0027,3.051757813,30,1.714150943,2.441192627,RS_Ih,
275,SA99.3,15,P14-P18,S1BF,SSTCre,FS,4,-67.74219362,186.2789555,0.04067974,98.13235294,-31.64672852,55.48095703,0.0007,21.484375,100,1.285714286,2.320526123,FS_Ih,
276,SX23.3,13,P14-P18,V1,Pyramidal,Pyr,4,-71.02181803,551.4987645,0.103102568,6.145631068,-37.44506836,54.44335938,0.00335,1.037597656,30,1.260543245,0.878723145,RS,
277,SX23.4,13,P14-P18,V1,Pyramidal,Pyr,4,-68.11715088,611.1299272,0.228077412,16.61603376,-34.94262695,65.4296875,0.00275,2.227783203,30,0.960159363,0.703948975,RS,
278,SX23.5,13,P14-P18,V1,Pyramidal,Pyr,4,-80.28929647,555.3800086,0.067510721,17.11737089,-36.68212891,56.94580078,0.00305,4.180908203,40,1.276534296,1.821868896,RS,
279,SX34.1,7,P5-P8,V1,LHX6,ND,23,-65.14882134,1305.876872,0.052812443,19.4,-35.30883789,44.52514648,0.00225,10.92529297,56,1.366972477,0.224365234,FS,
280,SX34.2,7,P5-P8,V1,Pyramidal,Pyr,4,-51.16781855,1067.648001,0.429200292,9,-29.32739258,54.10766602,0.003,5.584716797,16,1.433808554,0.761291504,RS,
281,SX34.3,7,P5-P8,V1,LHX6,PV,4,-52.27878106,198.7719299,-0.277374049,61,-37.96386719,49.22485352,0.0021,8.636474609,68,1.25921522,0.460327148,FS,
282,SX34.4,7,P5-P8,V1,LHX6,PV,4,-65.92684326,1338.657837,0.033943994,19.83298539,-28.28979492,46.75292969,0.00185,22.24731445,52,1.186477644,0.306488037,FS,
283,SX35.1,9,P9-P13,V1,Pyramidal,Pyr,4,-67.45289103,584.2293664,0.021604094,13.53146853,-29.38842773,56.61010742,0.00295,7.202148438,30,1.54893617,3.396911621,RS,
284,SX35.2,9,P9-P13,V1,Pyramidal,Pyr,4,-61.84949453,874.3336768,0.044035659,8.571428571,-26.45874023,55.90820313,0.00275,10.19287109,30,1.172234595,8.105102539,RS,
285,SX35.3,9,P9-P13,S1BF,LHX6,PV,4,-70.01543485,221.595781,0.021137623,89,-34.1796875,50.29296875,0.0014,12.66479492,78,1.486206897,11.58917236,FS_veryAdapting???_Ih,
286,SX35.4,9,P9-P13,S1BF,Pyramidal,Pyr,4,-60.74946636,675.8091524,0.139515951,19.34482759,-28.77807617,56.09130859,0.00245,6.195068359,30,1.241254524,5.226409912,RS_Ih,
287,SX35.5,9,P9-P13,S1BF,Pyramidal,Pyr,4,-66.18385881,599.5525814,0.040391018,28.6,-28.68652344,61.30981445,0.00225,9.338378906,26,1.484770263,6.577484131,RS_Ih,
288,SX35.6,9,P9-P13,S1BF,LHX6,SST,4,-67.39795937,738.4329379,0.048481986,9.166666667,-33.41674805,60.42480469,0.0015,14.31274414,72,1.412979351,6.673675537,RS??,
289,SX35.7,9,P9-P13,V1,LHX6,PV,4,-60.13802089,605.0477307,0.125159727,15.45454545,-32.98950195,46.56982422,0.0019,20.08056641,58,1.080769231,0.489746094,FS,
290,SX35.8,9,P9-P13,V1,Pyramidal,Pyr,4,-68.37070031,819.8407527,0.045218004,11.47058824,-41.22924805,56.76269531,0.0023,5.798339844,60,1.242038217,2.2449646,RS,
291,SX39.2,11,P9-P13,V1,Pyramidal,Pyr,4,-73.19425963,479.9125084,0.091756951,9.545454545,-34.08813477,68.6340332,0.0023,7.690429688,34,1.291149711,0.347320557,RS,X
292,SX39.3,11,P9-P13,V1,Pyramidal,Pyr,4,-67.57855887,696.5567901,0.127175481,7.5,-35.18676758,63.32397461,0.00285,5.737304688,34,1.187362234,0.275268555,RS,
293,SX39.4,11,P9-P13,S1BF,Pyramidal,Pyr,4,-67.20329912,361.9521033,0.190279806,15,-33.66088867,62.7746582,0.0017,4.913330078,22,1.859723698,3.176849365,RS_Ih,
294,SX39.5,11,P9-P13,S1BF,Pyramidal,Pyr,4,-69.39889168,493.934891,0.086826891,13.33333333,-32.77587891,50.99487305,0.00235,3.051757813,36,5.066366704,4.157745361,RS_Ih_Bursting,
295,SX39.6,11,P9-P13,S1BF,Pyramidal,Pyr,4,-66.46242782,569.8712833,0.0658956,8,-31.37207031,70.73974609,0.00175,8.178710938,42,1.75669383,2.329498291,RS_Ih,
296,SX44.2,16,P14-P18,S1BF,LHX6,PV,4,-54.20989797,237.5369523,0.805817417,20,-42.02270508,68.02368164,0.0009,16.29638672,106,1.168888889,2.211242676,FS,
297,SX44.3,16,P14-P18,S1BF,SSTCre,SST,4,-52.13621573,390.6955119,-2.09553193,53.5,-33.99658203,66.49780273,0.00115,5.676269531,54,1.596629213,10.03677368,NFS_Ih,
298,SX47.1,17,P14-P18,S1BF,Pyramidal,Pyr,4,-70.4349265,251.5597054,-1.129783079,45,-28.86962891,57.43408203,0.00165,7.049560547,34,1.490471414,8.826660156,RS_Ih_Bursting,
299,SX47.2,17,P14-P18,S1BF,Pyramidal,Pyr,4,-76.66857409,183.8586652,0.279526538,75,-33.26416016,62.62207031,0.0017,5.035400391,16,13.83679525,1.877807617,RS_Ih,
300,SX49.1,17,P14-P18,S1BF,LHX6,PV,4,-67.50583992,63.15697523,0.006505506,320.4187002,-67.74902344,90.8203125,0.00065,-12.11547852,194,0.326879271,3.132141113,FS_Ih,
301,SX49.2,17,P14-P18,S1BF,LHX6,PV,4,-70.7592691,81.91094705,-1.155864052,185.8888889,-34.1796875,51.45263672,0.00055,17.27294922,132,1.053719008,3.096710205,FS_Ih,
302,SX67.1,17,P14-P18,S1BF,LHX6,SST,4,-62.99999895,296.8864631,0.071589702,20,-47.60742188,68.17626953,0.0013,5.401611328,66,1.362582781,6.988830566,NFS_ADP_Ih,
